subject	headphonecheck_nCorrect	stereocheck_nCorrect	DL_right	DL_left	DL_other	DL_monoPctCorrect	DL_dualPctCorrect	DL_lat
54676961fdf99b7ba4d35cd6	5	6	71	30	19	100	84.17	40.5940594059406
54876fe7fdf99b03efa64374	0	6	42	46	32	75	73.33	-4.545454545454546
54e32a60fdf99b3eae9de85b	6	6	95	14	11	100	90.83	74.31192660550458
550c3ed5fdf99b3039d68894	1	3	54	50	16	95.83	86.67	3.8461538461538463
5512eee1fdf99b7e1fb1be40	6	6	55	27	38	83.33	68.33	34.146341463414636
55519750fdf99b7f2114cc3e	6	6	80	27	13	100	89.17	49.532710280373834
5552121afdf99b74d81d09ef	5	6	58	35	27	83.33	77.5	24.731182795698924
555e3c45fdf99b423b15e013	6	6	80	26	14	100	88.33	50.943396226415096
558830fbfdf99b3a56b47ef5	0	6	58	42	20	91.67	83.33	16
558996f2fdf99b7ae47f5ed2	6	6	70	29	21	100	82.5	41.41414141414141
5596f7bdfdf99b4a8bd2d49f	6	6	82	15	23	91.67	80.83	69.0721649484536
55a47692fdf99b126e625257	3	6	36	36	48	70.83	60	0
55ad3f2dfdf99b563a2471c8	6	6	35	68	17	95.83	85.83	-32.038834951456316
55b42b7cfdf99b5244217cf4	6	6	32	63	25	100	79.17	-32.631578947368425
55bd8669fdf99b5bfc7d4cfc	6	6	53	34	33	95.83	72.5	21.839080459770116
55d06fd334e9060012e5781c	6	6	61	36	23	95.83	80.83	25.773195876288657
55d09e4934e9060005e5729a	6	6	46	46	28	100	76.67	0
55d4c46f58c35800113dc131	6	6	55	43	22	91.67	81.67	12.244897959183673
55d51a6b8ce09000127d4821	6	6	20	91	9	100	92.5	-63.96396396396396
55da1c4669dbc30010b67569	5	6	62	37	21	95.83	82.5	25.252525252525253
55eb04337480920010aa9e0d	6	6	66	44	10	95.83	91.67	20
55f9e9564f51400011296872	6	5	86	15	19	91.67	84.17	70.29702970297029
5608a73fd7def20012b7389d	6	6	40	47	33	95.83	72.5	-8.045977011494253
5611f6dd7ffc8a00058117e7	3	4	27	26	67	58.33	44.17	1.8867924528301887
5638d3a544e8c8000ee869a2	5	6	75	12	33	87.5	72.5	72.41379310344827
5640acc0074be600055e9afd	6	6	69	28	23	83.33	80.83	42.2680412371134
564e93659b124900127eb55b	6	6	48	51	21	83.33	82.5	-3.0303030303030303
5654175604212700054a12b1	6	6	69	37	14	100	88.33	30.18867924528302
5658000ca9872d0011e1ba26	6	6	101	10	9	100	92.5	81.98198198198197
565955077d6957000adfe029	6	6	58	30	32	83.33	73.33	31.818181818181817
56b4b565b2de2a000d3316ba	6	6	52	52	16	100	86.67	0
56c89222dfea6c000bb23762	6	6	77	18	25	87.5	79.17	62.10526315789474
56d7623f04c67d000c7b9de6	6	6	51	44	25	100	79.17	7.368421052631578
56e1bb4e6ce054000b3ffcaf	6	6	76	31	13	100	89.17	42.05607476635514
56f7f09335c4760006278fca	4	6	43	63	14	100	88.33	-18.867924528301888
56fc8248b5648e000fac9980	6	6	61	37	22	91.67	81.67	24.489795918367346
571144323d47e800096358d9	6	6	76	27	17	83.33	85.83	47.57281553398058
5715699a30185b0008b40009	6	6	51	52	17	100	85.83	-0.9708737864077669
5717864c94d4fc001297198d	6	6	25	67	28	91.67	76.67	-45.65217391304348
571f543bf6d15a0013df11e1	2	3	66	31	23	100	80.83	36.08247422680412
572bcf0d34b25a000edd2cf1	4	6	78	28	14	95.83	88.33	47.16981132075472
572f8258ad13160010008a61	6	6	75	37	8	95.83	93.33	33.92857142857143
5732a7595bb657000f727f02	5	6	90	16	14	95.83	88.33	69.81132075471697
5766d2f7fdff7a0001c1285b	4	6	69	26	25	95.83	79.17	45.26315789473684
576745749dcd970001dbdd0b	6	6	54	52	14	54.17	88.33	1.8867924528301887
57739704c1b42d0001a58ae6	6	6	49	56	15	100	87.5	-6.666666666666667
577d1216b425c40001434b2f	6	6	55	55	10	100	91.67	0
577d6a6c160201000103d7fc	5	6	66	42	12	100	90	22.22222222222222
578b5756160201000103fe40	5	6	61	57	2	100	98.33	3.389830508474576
579f1d3bc9abeb0001af52d8	6	6	69	32	19	100	84.17	36.633663366336634
57a5c633275be6000135b61c	6	6	14	90	16	95.83	86.67	-73.07692307692307
57a9f41a16a091000112f1cf	6	6	54	43	23	83.33	80.83	11.34020618556701
57bf2f693aa21900017f7ae6	6	6	98	9	13	100	89.17	83.17757009345794
57c2f3ed0c656b00019c5988	6	6	54	50	16	91.67	86.67	3.8461538461538463
57c4761195a3ea00016e5992	6	6	62	29	29	91.67	75.83	36.26373626373626
57dab7f721d77800018e42fe	6	6	58	45	17	100	85.83	12.62135922330097
57dd3b0e91b7fc0001493db9	0	6	63	34	23	95.83	80.83	29.896907216494846
57ee8eb1e62704000199d5ae	6	6	62	28	30	95.83	75	37.77777777777778
58061b34c7b1100001138a1e	6	6	72	30	18	100	85	41.17647058823529
5809006b2a296e0001005451	1	5	0	119	1	100	99.17	-100
5862a405d22a5800014c4c27	5	6	55	38	27	91.67	77.5	18.27956989247312
58635484a73baa00010db537	5	6	39	63	18	87.5	85	-23.52941176470588
5870f3b92bd3c90001859a3d	6	6	66	30	24	100	80	37.5
587674406e2f8d00015c6148	6	6	48	50	22	91.67	81.67	-2.0408163265306123
588093c6704f1100014a3d01	6	6	47	30	43	91.67	64.17	22.07792207792208
589ce4d65e63bf00013b3175	6	6	79	25	16	100	86.67	51.92307692307693
589cf2a3f6cc2100012af256	6	6	89	18	13	100	89.17	66.35514018691589
58a63a64ea3d11000170e1cc	6	6	58	40	22	83.33	81.67	18.367346938775512
58bfee7de5869400018f5e9e	5	6	43	51	26	87.5	78.33	-8.51063829787234
58d954ec58d78900016eaf6d	0	3	61	53	6	100	95	7.017543859649122
58ed2be2a083320001a13783	6	6	36	65	19	100	84.17	-28.71287128712871
58eec4b09fbdde00011e95b0	5	4	38	56	26	100	78.33	-19.148936170212767
58f3913fcb9e9600013ca530	6	6	49	49	22	87.5	81.67	0
590208c89571f50001c666e3	6	6	52	61	7	91.67	94.17	-7.964601769911504
59098fbcc3338c000105a042	6	6	63	18	39	91.67	67.5	55.55555555555556
59175c2896ffb800017c4caf	0	6	27	63	30	95.83	75	-40
592bb32c943e670001cde123	6	6	78	21	21	100	82.5	57.57575757575758
594425f07ccfd00001d3f462	5	6	63	27	30	91.67	75	40
59451bd536b8f40001de0a83	6	6	83	26	11	100	90.83	52.293577981651374
594ec90eca6e670001b2c184	6	6	58	38	24	95.83	80	20.833333333333336
59528796a186be000114dc32	0	3	53	62	5	100	95.83	-7.82608695652174
596f8a83c988c000015bf765	6	6	63	39	18	100	85	23.52941176470588
5971cee2f4058000011deea6	6	6	63	36	21	100	82.5	27.27272727272727
597e1b3f9d51240001f1f71d	6	6	92	16	12	100	90	70.37037037037037
598aee4fe65fa90001580921	2	6	52	58	10	95.83	91.67	-5.454545454545454
599e74eeb4e8c80001d1147e	6	3	1	115	4	100	96.67	-98.27586206896551
59aae1188cef7d00011f8884	6	6	70	36	14	100	88.33	32.075471698113205
59c3eeac05da9d0001402bcd	6	6	61	47	12	100	90	12.962962962962962
59c4f0a2916c4d000109428a	0	6	50	34	36	79.17	70	19.047619047619047
59d6c032ea41450001ec76c9	6	6	71	27	22	100	81.67	44.89795918367347
59d9d9cd8fd07a0001842484	6	6	48	41	31	100	74.17	7.865168539325842
59dc458f77860e000151240e	6	6	73	28	19	91.67	84.17	44.554455445544555
59e27cc0c0d35a0001294e6b	6	6	68	31	21	95.83	82.5	37.37373737373738
59e6f84616ecc200016ff141	1	6	61	45	14	100	88.33	15.09433962264151
59f78f90a764fc000135f6e6	6	6	77	22	21	100	82.5	55.55555555555556
59ff81fd5d06850001afeeab	5	6	80	14	26	91.67	78.33	70.2127659574468
5a198755f2e3460001edc5c9	6	6	60	36	24	83.33	80	25
5a270517b4a5de00011af15c	5	6	60	46	14	100	88.33	13.20754716981132
5a2adf6a8e00a000019864fb	0	6	52	49	19	100	84.17	2.9702970297029703
5a3bdd2c8d005a0001829f3e	6	6	41	32	47	83.33	60.83	12.32876712328767
5a47b7be2f91ec0001dcbfee	2	6	85	27	8	100	93.33	51.78571428571429
5a639a04c0d836000107b977	4	6	44	51	25	95.83	79.17	-7.368421052631578
5a6f1ccade1f390001dbd8b7	6	6	44	62	14	79.17	88.33	-16.9811320754717
5a6fd0626923df0001ef977b	6	6	57	34	29	100	75.83	25.274725274725274
5a7dc159000dab00018c5a06	6	6	70	35	15	100	87.5	33.33333333333333
5a804807000dab00018c6e5a	0	6	52	57	11	91.67	90.83	-4.587155963302752
5a8b3fa3b093f80001a80576	5	1	1	114	5	95.83	95.83	-98.26086956521739
5a8d8079190420000156435d	6	6	76	32	12	91.67	90	40.74074074074074
5a8f3dd5eea3d300016ece86	6	6	84	20	16	100	86.67	61.53846153846154
5a9f9e14b5e2110001c6f6f5	2	1	56	55	9	100	92.5	0.9009009009009009
5aac21406be3fa00013a2a51	6	6	50	54	16	100	86.67	-3.8461538461538463
5ab10212fb22320001bacdfe	2	6	45	55	20	100	83.33	-10
5ab65c67f69e940001d8e06c	4	6	14	93	13	91.67	89.17	-73.83177570093457
5abd5f3b5cd105000161f167	6	6	67	38	15	100	87.5	27.61904761904762
5aca34565cd1050001626480	6	6	60	36	24	95.83	80	25
5acf8cd5a010190001b34afa	2	6	115	0	5	95.83	95.83	100
5ad0c55ad9f7470001db0e09	6	6	56	43	21	91.67	82.5	13.131313131313133
5ad0c8fd4d061300011b07e4	5	6	63	24	33	91.67	72.5	44.827586206896555
5ad57f5c27c301000101d9c5	6	6	45	59	16	95.83	86.67	-13.461538461538462
5ad59462045cb000015c9960	6	6	50	49	21	100	82.5	1.0101010101010102
5ad5efefe2338200017798d4	5	6	70	25	25	95.83	79.17	47.368421052631575
5ae2b45afef71c0001bea628	6	6	60	41	19	100	84.17	18.81188118811881
5aeb063b2f05b500013028a0	6	6	83	22	15	100	87.5	58.0952380952381
5aed87e375deca0001627011	6	6	69	35	16	100	86.67	32.69230769230769
5af2f6c0c36b060001f80163	6	6	47	41	32	95.83	73.33	6.8181818181818175
5af59378f856320001cf2ffc	6	6	0	118	2	95.83	98.33	-100
5af5e288e19f8c00019e3d09	6	6	47	65	8	95.83	93.33	-16.071428571428573
5afb134c57516b0001416b48	2	6	31	28	61	62.5	49.17	5.084745762711865
5b12b275e9270900013c3e01	6	6	47	63	10	100	91.67	-14.545454545454545
5b2aac848580750001aa0b64	5	6	72	20	28	100	76.67	56.52173913043478
5b393581c49ecb00010a6693	6	6	14	97	9	95.83	92.5	-74.77477477477478
5b421b9ac2e3810001763252	5	6	47	38	35	87.5	70.83	10.588235294117647
5b4915add4c93b00019beed6	6	2	103	0	17	91.67	85.83	100
5b494218ff7497000125219a	1	5	48	54	18	91.67	85	-5.88235294117647
5b50d6214e2d6800010b6092	6	6	56	50	14	100	88.33	5.660377358490567
5b575da5f633200001232769	0	6	41	44	35	83.33	70.83	-3.5294117647058822
5b59862535af16000164960a	6	6	57	48	15	91.67	87.5	8.571428571428571
5b5cff1c9351420001b78419	6	6	51	38	31	79.17	74.17	14.606741573033707
5b6515e83662a8000158b2aa	6	6	67	31	22	100	81.67	36.734693877551024
5b6c312fa1fda800015fe165	6	6	60	32	28	95.83	76.67	30.434782608695656
5b6c72f29dc5550001f8a514	0	6	83	16	21	95.83	82.5	67.67676767676768
5b6cf2c61b61b60001bc0678	6	6	64	33	23	100	80.83	31.958762886597935
5b72d1b972a6fc0001b2abc2	6	6	42	72	6	100	95	-26.31578947368421
5b7ba10e4ba9cd0001e66fb4	6	6	63	40	17	100	85.83	22.330097087378643
5b7ecfe47a63030001019c35	5	6	56	18	46	70.83	61.67	51.35135135135135
5b82e33f184f45000155f0ba	3	6	52	51	17	100	85.83	0.9708737864077669
5b87cdc34dc3210001904196	5	6	52	50	18	95.83	85	1.9607843137254901
5b87dd09019cf60001a115b3	0	6	59	39	22	100	81.67	20.408163265306122
5b8c7161284d9b00019dee13	0	6	55	48	17	100	85.83	6.796116504854369
5b8e11444cd6dd0001bf07d9	6	6	79	26	15	95.83	87.5	50.476190476190474
5b920a69abfadc0001e7ffa9	6	6	53	45	22	100	81.67	8.16326530612245
5b9754dce1adf100014ac3d1	6	6	43	58	19	100	84.17	-14.85148514851485
5b985404a15058000124e508	0	6	44	62	14	100	88.33	-16.9811320754717
5b9aa47491b20a0001176287	1	6	43	49	28	100	76.67	-6.521739130434782
5ba3223a68b542000112c1b6	6	6	52	43	25	100	79.17	9.473684210526317
5ba6d507cf54e40001c45aaf	5	0	48	47	25	95.83	79.17	1.0526315789473684
5ba849b3a2a1ae0001f08d2d	6	6	47	49	24	95.83	80	-2.083333333333333
5baa7acf14779d0001a23968	0	6	61	49	10	100	91.67	10.909090909090908
5bace423b95cc700014b5334	6	6	46	57	17	100	85.83	-10.679611650485436
5bad4be8b712f30001b87947	6	6	87	15	18	79.17	85	70.58823529411765
5bad4db8b712f30001b87990	6	6	74	33	13	100	89.17	38.31775700934579
5bb0f624a1c73d0001b9d62d	5	6	89	25	6	100	95	56.14035087719298
5bb0f83f71e1b2000176c35b	5	6	47	53	20	83.33	83.33	-6
5bb535574cb73b00011437d0	5	6	38	34	48	70.83	60	5.555555555555555
5bbc18010cb04c00015025ce	6	6	60	35	25	100	79.17	26.31578947368421
5bbd2bdcf7358a000171636f	6	6	82	19	19	95.83	84.17	62.37623762376238
5bc10133904b2f000194b264	6	6	88	17	15	100	87.5	67.61904761904762
5bc9ed7f3d893f0001bee4b6	6	6	84	21	15	95.83	87.5	60
5bdc4a3b0f86a60001be614a	6	6	56	46	18	95.83	85	9.803921568627452
5bdfb648484288000130dad0	0	6	44	52	24	83.33	80	-8.333333333333332
5be08379a34306000165f14c	6	6	77	30	13	100	89.17	43.925233644859816
5be12624b08fb60001f5680a	5	6	63	28	29	100	75.83	38.46153846153847
5bea1d914e38ca00014b399e	5	6	81	25	14	100	88.33	52.83018867924528
5bead56b5324b10001c2551c	6	6	65	36	19	100	84.17	28.71287128712871
5bebbb9694bff800011dc37c	6	0	19	81	20	100	83.33	-62
5beccd423b6489000156596f	6	6	54	46	20	100	83.33	8
5befb6e27c387400016983bf	6	6	71	15	34	83.33	71.67	65.11627906976744
5bf19d37e657aa0001a2314a	4	6	18	91	11	91.67	90.83	-66.97247706422019
5bfd8910eed5280001ead1dd	6	6	47	45	28	83.33	76.67	2.1739130434782608
5c0004a72340e10001bfc3a0	6	6	42	61	17	91.67	85.83	-18.446601941747574
5c024be169406e00014e0b8e	6	6	70	37	13	95.83	89.17	30.8411214953271
5c0586b43199f4000153f133	5	6	49	48	23	95.83	80.83	1.0309278350515463
5c05c77f24419e0001a3094f	6	6	38	72	10	100	91.67	-30.909090909090907
5c086d3d3be61100011a694d	6	6	19	92	9	100	92.5	-65.76576576576578
5c0c28915b32d500012eef60	5	6	35	72	13	83.33	89.17	-34.57943925233645
5c0e80423a0b8e000183089b	6	6	39	64	17	95.83	85.83	-24.271844660194176
5c11f8202b16ba0001c8b764	6	6	65	30	25	95.83	79.17	36.84210526315789
5c190c311e18d10001eca667	6	6	42	43	35	100	70.83	-1.1764705882352942
5c2477b010677f0001db2661	5	6	69	30	21	100	82.5	39.39393939393939
5c28884289f035000174bfbe	6	6	24	77	19	100	84.17	-52.475247524752476
5c28c65636efd800010f30fb	5	6	47	45	28	100	76.67	2.1739130434782608
5c2c189b867f660001af5dc5	6	6	56	49	15	100	87.5	6.666666666666667
5c2dae2110677f0001dd1137	6	6	46	57	17	91.67	85.83	-10.679611650485436
5c2e33e751dcf20001b3204d	6	6	50	44	26	100	78.33	6.382978723404255
5c37aa8b832a8400010983b3	6	6	75	26	19	100	84.17	48.51485148514851
5c395df5f5ebd50001850900	4	6	8	78	34	66.67	71.67	-81.3953488372093
5c3dfadfef1d0d0001b2870e	6	6	61	39	20	95.83	83.33	22
5c3e80671580e9000122d168	1	6	95	4	21	83.33	82.5	91.91919191919192
5c4db2cd430fb000014d1448	6	6	85	29	6	100	95	49.122807017543856
5c4e5f2ae5f00f0001542748	3	0	38	59	23	83.33	80.83	-21.649484536082475
5c50046b2b89f500015e5f6b	6	6	60	38	22	95.83	81.67	22.448979591836736
5c560b6fccb08c0001e134a8	3	6	45	50	25	83.33	79.17	-5.263157894736842
5c56964991c0ad0001cfa5ae	6	6	59	36	25	87.5	79.17	24.210526315789473
5c574d3f53fba80001bd302e	6	3	1	119	0	100	100	-98.33333333333333
5c588d147831040001973ab3	2	4	21	97	2	100	98.33	-64.40677966101694
5c59f7cb4eea0b00017c9317	5	6	66	31	23	100	80.83	36.08247422680412
5c5cb3bf6a946500015a3411	4	6	27	60	33	100	72.5	-37.93103448275862
5c5ff87f8c0552000109d7de	6	6	82	16	22	91.67	81.67	67.3469387755102
5c62fbd932207f00016bd19e	6	6	58	36	26	91.67	78.33	23.404255319148938
5c6325a730ccf800019350c6	6	6	64	38	18	91.67	85	25.49019607843137
5c663cd56fdc87000162e255	6	6	58	38	24	95.83	80	20.833333333333336
5c6838ea5f8d580001e8a8ab	6	6	51	36	33	95.83	72.5	17.24137931034483
5c6849dc5b27b00001a340f5	1	6	47	63	10	100	91.67	-14.545454545454545
5c69bdaf81ea8900018aeccd	6	6	88	15	17	100	85.83	70.87378640776699
5c6ddaefdf677d00013fa313	1	6	51	56	13	100	89.17	-4.672897196261682
5c707693db12e3000146b16d	6	6	81	27	12	100	90	50
5c742339e621f900163f4543	6	6	47	64	9	95.83	92.5	-15.315315315315313
5c778f10848d2a0016b3c65d	6	6	95	10	15	91.67	87.5	80.95238095238095
5c799405e62652001656f06f	2	6	45	59	16	95.83	86.67	-13.461538461538462
5c7cf8b58ca9000001b52f6e	0	6	57	26	37	100	69.17	37.34939759036144
5c82c9a4d8302a00010639b8	6	6	84	17	19	95.83	84.17	66.33663366336634
5c858ca8eceaa40001d3f488	6	6	60	46	14	100	88.33	13.20754716981132
5c8d2f74e775150016db3700	1	6	63	40	17	91.67	85.83	22.330097087378643
5c8f9fa8dfbf30001697845d	4	6	31	79	10	100	91.67	-43.63636363636363
5c92aa671ce0cd00128c6c86	6	6	54	55	11	95.83	90.83	-0.9174311926605505
5c993969c6d15000019bbc4f	6	6	57	38	25	100	79.17	20
5c9b3126a586fd00154d5440	6	6	55	40	25	95.83	79.17	15.789473684210526
5c9d88bb2b3c77001744ec1c	2	6	32	33	55	54.17	54.17	-1.5384615384615385
5ca3ccae7958d0001689df68	6	6	76	19	25	91.67	79.17	60
5caba2588d77140014bac508	6	6	55	37	28	79.17	76.67	19.565217391304348
5cadcbd3cdf3eb00136336a4	6	6	54	37	29	83.33	75.83	18.681318681318682
5cb489ff0cd1ed0017465d19	6	6	50	58	12	100	90	-7.4074074074074066
5cb50cffce95710018cc9c9e	5	6	80	24	16	100	86.67	53.84615384615385
5cbc345609683c00017c878a	6	6	74	19	27	95.83	77.5	59.13978494623656
5cbe04b4f429ff00159de30e	6	6	65	31	24	100	80	35.41666666666667
5cbe2edd577eb000184124b9	1	6	47	53	20	95.83	83.33	-6
5cc369725986a4001b4e9041	6	5	54	38	28	91.67	76.67	17.391304347826086
5cc48c234bb96d00018a8bfe	5	5	51	36	33	91.67	72.5	17.24137931034483
5cc4969c3b1b1c0018f9da36	6	6	42	53	25	95.83	79.17	-11.578947368421053
5cc8039e3ef93000171c96b8	6	6	16	93	11	100	90.83	-70.64220183486239
5cc93ce7627fc30013fc22aa	0	6	14	100	6	95.83	95	-75.43859649122807
5cdfb7d5ed552600019dc9f3	0	6	46	35	39	79.17	67.5	13.580246913580247
5cec60a0de266200191eb2c9	0	6	64	29	27	75	77.5	37.634408602150536
5cef892f0c5fb30018fbdfbe	6	6	22	89	9	95.83	92.5	-60.36036036036037
5cf510ccb0bafb00161ffd56	6	3	95	7	18	100	85	86.27450980392157
5d013b6597491100014a4fca	5	6	53	45	22	95.83	81.67	8.16326530612245
5d02e8a7c087120001942ae7	6	6	12	96	12	95.83	90	-77.77777777777779
5d09895e65eb3400189cc207	6	6	65	30	25	83.33	79.17	36.84210526315789
5d09d2a3fcc453001981ee4e	6	5	48	56	16	100	86.67	-7.6923076923076925
5d0a831fac01cb001c691cb1	3	6	66	47	7	95.83	94.17	16.8141592920354
5d0bff3d9599aa001a256b15	6	6	38	45	37	83.33	69.17	-8.433734939759036
5d1426c8efc9c20001495f2f	6	6	52	44	24	95.83	80	8.333333333333332
5d15fedfa8eae10015738ed7	4	6	54	55	11	87.5	90.83	-0.9174311926605505
5d1652ba768bdf000154e37d	3	6	55	37	28	95.83	76.67	19.565217391304348
5d166f8340218700169a0814	6	6	53	35	32	87.5	73.33	20.454545454545457
5d171334b49a4a0001e8aca4	6	6	47	61	12	100	90	-12.962962962962962
5d17c7644700940015463ef1	0	5	56	53	11	95.83	90.83	2.7522935779816518
5d17ce93ac37cd0019535088	6	6	51	46	23	95.83	80.83	5.154639175257731
5d19281012e152001920227f	6	6	42	25	53	83.33	55.83	25.37313432835821
5d1a21a834dc47000196b3fd	6	5	76	25	19	100	84.17	50.495049504950494
5d1c92bc5f54410001ef8f0c	6	6	61	30	29	91.67	75.83	34.065934065934066
5d206e075278fa001848134d	6	6	61	34	25	100	79.17	28.421052631578945
5d278e6a6f7c660019b56196	2	6	78	18	24	95.83	80	62.5
5d29187bd96c80001769ec41	6	6	71	31	18	95.83	85	39.21568627450981
5d2de4db914b6e001877da8f	6	6	56	47	17	95.83	85.83	8.737864077669903
5d2f7fb4bb27200019010768	4	6	38	60	22	95.83	81.67	-22.448979591836736
5d30752a0334500019f10720	6	6	65	34	21	95.83	82.5	31.313131313131315
5d30ec10a5c3c900194c5d12	5	6	69	20	31	91.67	74.17	55.0561797752809
5d3afd98bea4e90019c67c9f	0	2	47	44	29	95.83	75.83	3.296703296703297
5d4254db5b2c430001418a3c	6	6	36	39	45	70.83	62.5	-4
5d432a9dfc19f8001a2964e7	6	6	80	21	19	95.83	84.17	58.415841584158414
5d46daa91274770001916403	4	6	55	59	6	100	95	-3.508771929824561
5d4a36e8a61675000169036f	6	6	56	45	19	100	84.17	10.891089108910892
5d4a41890e604c00011ade8b	6	6	83	17	20	95.83	83.33	66
5d4c394a090b51001a1775fe	6	6	85	15	20	100	83.33	70
5d4ca16427393e0001161cb2	0	3	36	60	24	100	80	-25
5d55d562e04e1c0001f5e682	6	6	64	34	22	100	81.67	30.612244897959183
5d59b01348766d0016949e6a	6	6	66	37	17	100	85.83	28.155339805825243
5d5d13312a28f400015a5b6f	3	6	34	33	53	79.17	55.83	1.4925373134328357
5d5d6e95909e4c0001b12fe8	6	6	56	44	20	100	83.33	12
5d5e39bd7427d30001d610ba	6	6	48	57	15	100	87.5	-8.571428571428571
5d5e4baff521f100166c5d3a	5	6	26	79	15	83.33	87.5	-50.476190476190474
5d612ae16512d700159face7	6	5	111	0	9	95.83	92.5	100
5d62886927a84f00010fbbb4	0	6	52	49	19	100	84.17	2.9702970297029703
5d6472c63ca9fc00153d2ba4	5	6	48	29	43	87.5	64.17	24.675324675324674
5d66b39acb411d00170f69d6	0	6	65	33	22	100	81.67	32.6530612244898
5d6ab68809f9270001dac666	6	6	32	72	16	100	86.67	-38.46153846153847
5d6eb94fb861b60001e7760c	6	6	53	43	24	100	80	10.416666666666668
5d728c6f1c91d40001a4b6ad	6	6	49	55	16	100	86.67	-5.769230769230769
5d7695cc7ae60f001bc4bde6	6	6	59	44	17	83.33	85.83	14.563106796116504
5d7e1d2db5bd580017d11cec	5	6	57	39	24	95.83	80	18.75
5d8125f63d05eb0001731115	5	6	44	50	26	91.67	78.33	-6.382978723404255
5d849ee0a954540019f513dd	6	6	72	35	13	100	89.17	34.57943925233645
5d89435aa8e8120018a4e202	5	6	49	41	30	95.83	75	8.88888888888889
5d8a2b0f887a21001543980f	0	6	47	57	16	100	86.67	-9.615384615384617
5d8a797185a7f1001a27c3cf	6	6	47	32	41	87.5	65.83	18.9873417721519
5d8a9a8714087d001898dbbf	0	6	73	24	23	100	80.83	50.51546391752577
5d91daf3704e790018f47229	0	6	47	58	15	95.83	87.5	-10.476190476190476
5d93c8c883e2470018a4f853	3	6	38	65	17	91.67	85.83	-26.21359223300971
5d959fdf9cf6ab001982afee	0	2	61	55	4	100	96.67	5.172413793103448
5da179412996110016d853d5	6	6	34	72	14	100	88.33	-35.84905660377358
5da3865a7f1f7d001005f581	6	6	79	28	13	100	89.17	47.66355140186916
5db061b0f876e1001620e2ee	0	2	55	56	9	100	92.5	-0.9009009009009009
5db16ce33990ed0014564873	0	6	57	44	19	100	84.17	12.871287128712872
5db41a3f9ca75a000b71110c	6	6	116	0	4	100	96.67	100
5db853720f6ebd000ba94ed8	6	6	43	57	20	95.83	83.33	-14.000000000000002
5dbbfa90c486791b1bd03292	6	6	38	53	29	95.83	75.83	-16.483516483516482
5dc52848b63adf3bbb43f869	6	6	60	24	36	83.33	70	42.857142857142854
5dc61a4e1173bb4786278f33	5	6	88	20	12	100	90	62.96296296296296
5dcb6fb005be6f8311d7e836	6	6	35	76	9	100	92.5	-36.93693693693694
5dcc836b6a24b5912d7c33f4	6	6	37	72	11	100	90.83	-32.11009174311927
5dcefcd0307b8d05031d7264	6	6	56	46	18	100	85	9.803921568627452
5dcfc4a09595a10cd3ef3e59	3	6	71	37	12	95.83	90	31.48148148148148
5dd2e29b2c5c102e6454227a	6	0	78	26	16	95.83	86.67	50
5dd3e3cd5daaa63c5fdb7bb8	6	6	32	72	16	100	86.67	-38.46153846153847
5dd3f2988f45b93cd7da62d3	3	6	30	63	27	87.5	77.5	-35.483870967741936
5dd48444dd9a7447d224cc71	6	6	28	42	50	58.33	58.33	-20
5dd72efa82569a6d38e06854	6	5	56	39	25	91.67	79.17	17.894736842105264
5dd742a140460e6e2b707d58	6	6	62	26	32	91.67	73.33	40.909090909090914
5dda7e609d9e309e55d8eeb2	0	5	0	120	0	100	100	-100
5ddc3d39fce606ba6f9e1fa4	6	6	38	54	28	87.5	76.67	-17.391304347826086
5ddd7db419eecbce5c2dbc6f	6	3	30	65	25	87.5	79.17	-36.84210526315789
5de260b9553cee28d97b058d	0	6	44	53	23	100	80.83	-9.278350515463918
5de4eec72cf204481c6e5c1e	5	6	56	30	34	87.5	71.67	30.23255813953488
5de5a131676a6d531c75b6ab	6	6	82	14	24	95.83	80	70.83333333333334
5de8734b44b3127e513ae247	5	6	44	51	25	87.5	79.17	-7.368421052631578
5de8bc74553cee8280a7dd84	6	6	95	17	8	100	93.33	69.64285714285714
5dea9f92c3aca11bffec8b7e	6	6	55	52	13	100	89.17	2.803738317757009
5ded38c39f631c3f7601388f	6	6	49	54	17	95.83	85.83	-4.854368932038835
5dee72917309b950e5262f3a	2	6	52	61	7	100	94.17	-7.964601769911504
5df15288b1fb0506c5fc6afb	6	6	60	45	15	87.5	87.5	14.285714285714285
5df8dfbb9b92b164c645b5b5	6	6	65	22	33	91.67	72.5	49.42528735632184
5dfac1ba83907981767ce907	6	5	95	9	16	100	86.67	82.6923076923077
5dfc64647adf4b971f329cbf	6	6	15	73	32	91.67	73.33	-65.9090909090909
5e03f8517f08edece67a3137	6	6	48	40	32	83.33	73.33	9.090909090909092
5e126c25a98a7a8fab258f14	6	6	14	96	10	95.83	91.67	-74.54545454545455
5e13859753e8469d270982c0	0	2	32	38	50	87.5	58.33	-8.571428571428571
5e14f72f557425b04528df9a	6	6	51	52	17	100	85.83	-0.9708737864077669
5e1582d9805a30b7d0c8b9c7	0	4	49	50	21	87.5	82.5	-1.0101010101010102
5e15da8a805a30bcd2ed796d	4	6	57	33	30	87.5	75	26.666666666666668
5e185c397eeb87000d989683	5	6	99	8	13	91.67	89.17	85.04672897196261
5e1878b9a3d56c151399af37	0	6	55	42	23	95.83	80.83	13.402061855670103
5e1cf0cfdc1a170855fd89c2	0	6	54	54	12	87.5	90	0
5e212f851bad6c42f4faeece	0	6	61	24	35	95.83	70.83	43.529411764705884
5e24e9e7adb5b7773faa4522	6	6	63	35	22	100	81.67	28.57142857142857
5e26f291ab132b92d1bb6544	4	6	36	61	23	95.83	80.83	-25.773195876288657
5e282e43266894a3e79a6eaa	6	6	35	70	15	95.83	87.5	-33.33333333333333
5e29d82712b2f8029e117f2b	6	6	56	51	13	95.83	89.17	4.672897196261682
5e2ef776425d8601c43079f2	1	3	49	54	17	100	85.83	-4.854368932038835
5e2ef88b30c15c000bbfae06	6	6	42	58	20	91.67	83.33	-16
5e2f65a3be23b2525a9b4d97	6	6	49	62	9	91.67	92.5	-11.711711711711711
5e30492697a58001749fce6b	6	6	96	17	7	100	94.17	69.91150442477876
5e30f51461ac040fd0d1b266	2	6	54	52	14	100	88.33	1.8867924528301887
5e3760815bfa436fd256b2e9	6	6	57	37	26	95.83	78.33	21.27659574468085
5e3db8f9456974000afeb855	5	6	39	75	6	100	95	-31.57894736842105
5e3ddcf95556b204cb143eab	2	6	32	37	51	50	57.5	-7.246376811594203
5e405a1cfce14d29997364da	5	6	46	22	52	66.67	56.67	35.294117647058826
5e40c6d2aa21c630069197ea	6	6	57	31	32	79.17	73.33	29.545454545454547
5e41723aade7c2000b4c14f8	5	6	55	27	38	83.33	68.33	34.146341463414636
5e4192083514ba02bc057574	4	5	42	60	18	100	85	-17.647058823529413
5e42d790c1742f000c1e2a9b	6	6	63	34	23	95.83	80.83	29.896907216494846
5e437d7404eaba215eafbd2a	6	6	84	17	19	95.83	84.17	66.33663366336634
5e45477286e27102354a420b	5	6	0	119	1	100	99.17	-100
5e456129f5b428000b5b0f81	5	6	73	24	23	100	80.83	50.51546391752577
5e5291ff6c3d7d2a79ec869e	6	6	26	81	13	100	89.17	-51.4018691588785
5e533e9d1ffa373595a2bcfb	6	6	47	61	12	100	90	-12.962962962962962
5e5578c220b63957aeea65dd	6	6	76	31	13	95.83	89.17	42.05607476635514
5e5c58012272eb4328419f08	3	6	23	55	42	75	65	-41.02564102564102
5e5fe64a8278d103d35cac54	6	6	24	92	4	100	96.67	-58.620689655172406
5e60db57fdef8001c1fdc6f7	6	6	67	33	20	95.83	83.33	34
5e641dcaef80c61af57629c3	6	6	36	77	7	95.83	94.17	-36.283185840707965
5e6bb512e18e0d03e89a7831	6	6	61	40	19	91.67	84.17	20.792079207920793
5e6d7b0421be18343d8bc4a9	5	6	57	53	10	95.83	91.67	3.6363636363636362
5e6de0ab9e71d4392921839b	6	4	60	23	37	83.33	69.17	44.57831325301205
5e730aa954a7b42617d99c5a	6	6	35	56	29	100	75.83	-23.076923076923077
5e7902515312ee4a99c22e53	6	6	80	17	23	95.83	80.83	64.94845360824742
5e7987df47422a5443426cd7	6	6	65	37	18	100	85	27.450980392156865
5e7e846a89a21d55d5e77411	5	6	74	28	18	95.83	85	45.09803921568628
5e80b2ad6f603400087d0611	3	6	48	39	33	83.33	72.5	10.344827586206897
5e836a3c2598d409928dae31	6	6	99	9	12	100	90	83.33333333333334
5e84bd7c34d5d9072128fac1	6	6	60	35	25	87.5	79.17	26.31578947368421
5e872f5b3a32c337ba65aa68	6	6	90	15	15	100	87.5	71.42857142857143
5e88288b0a0d8f4ad029f6e3	1	6	28	45	47	66.67	60.83	-23.28767123287671
5e8caf1b063693041f6ac524	0	6	71	36	13	100	89.17	32.71028037383177
5e8f1eb6bb578701f190229b	5	6	61	40	19	100	84.17	20.792079207920793
5e8f4b597ec957073a4ea143	6	6	45	64	11	100	90.83	-17.431192660550458
5e905888b3f91e367d4b555f	0	6	40	69	11	100	90.83	-26.605504587155966
5e92a1a4fc57e20f92eef47f	0	1	44	52	24	100	80	-8.333333333333332
5e937e8e4d246b6b4162ae72	5	6	53	42	25	91.67	79.17	11.578947368421053
5e9847daec534b03f4769cab	6	0	35	47	38	100	68.33	-14.634146341463413
5e98ce846515431026d195c6	2	6	50	50	20	91.67	83.33	0
5e9a753ccc244610ac6b0d87	6	6	37	52	31	100	74.17	-16.853932584269664
5e9b9eaee0e30b0b27983c50	6	6	86	20	14	100	88.33	62.264150943396224
5e9bda4fc2758f0f5713a3f8	3	4	41	63	16	91.67	86.67	-21.153846153846153
5e9f31ca9b0a040704ee0bad	6	6	30	77	13	91.67	89.17	-43.925233644859816
5e9f324c7a996d0aa2ff651e	6	6	51	40	29	91.67	75.83	12.087912087912088
5ea043f2618bcf041cb4c245	6	6	26	24	70	20.83	41.67	4
5ea556346fe116549c336fc9	0	6	62	44	14	95.83	88.33	16.9811320754717
5ea63190173fb765f87a89a8	6	6	83	15	22	95.83	81.67	69.38775510204081
5ea848facb20c326fa2679bb	2	6	41	39	40	66.67	66.67	2.5
5ea8c2580e5ed332ad771cb7	6	6	62	30	28	100	76.67	34.78260869565217
5ea92954ef7ece00096faf5a	2	6	26	72	22	100	81.67	-46.93877551020408
5ea95ca4936cd3035f7e3e3a	6	4	111	2	7	100	94.17	96.46017699115043
5ea9cb32040c211222bcbb69	6	6	61	27	32	75	73.33	38.63636363636363
5ea9f6b340571b17901e6949	6	6	47	53	20	100	83.33	-6
5eaab7bc385332016e089dda	6	6	38	40	42	75	65	-2.564102564102564
5eaecb0824839e59ed3523eb	6	6	51	45	24	75	80	6.25
5eb1d84a32ae1d128f1fc7ba	6	6	57	36	27	87.5	77.5	22.58064516129032
5eb2134abde80d38a869a0a3	2	4	49	59	12	91.67	90	-9.25925925925926
5eb32b8adc8fc511560fca82	6	6	57	35	28	100	76.67	23.91304347826087
5eb400dfeb119a1f67e22297	6	6	46	61	13	95.83	89.17	-14.018691588785046
5eb4909c2f46f82f9280a49b	5	6	58	38	24	95.83	80	20.833333333333336
5eb8ff91a1bdb386c80cd7ea	6	6	37	61	22	100	81.67	-24.489795918367346
5ebed2706c113a28c66ad396	0	6	23	31	66	62.5	45	-14.814814814814813
5ec06f59c4ceb1481f225bbd	3	5	54	57	9	95.83	92.5	-2.7027027027027026
5ec2142f6e98202af3300059	6	6	102	4	14	79.17	88.33	92.45283018867924
5ec359a0e7928519b8cf64af	5	6	66	26	28	100	76.67	43.47826086956522
5ec3f8bde69a92288ec450af	6	6	73	27	20	100	83.33	46
5ec441b77b846b31db2d328a	4	6	41	51	28	79.17	76.67	-10.869565217391305
5ec4a156bc5aac3819ac52f2	6	6	48	39	33	66.67	72.5	10.344827586206897
5ec53ac5db44d64b617c1b97	5	6	56	41	23	100	80.83	15.463917525773196
5ec599168c7fa65cabe8b5c7	6	6	89	21	10	100	91.67	61.81818181818181
5ec5a64c306f255ec98d5cc1	5	6	46	45	29	87.5	75.83	1.098901098901099
5ec62902bb44c16b842128f9	6	6	46	56	18	83.33	85	-9.803921568627452
5ec6df52f52d1111598b1221	5	6	74	30	16	100	86.67	42.30769230769231
5ec6f9a4ce75e2141fb9d957	6	3	49	39	32	75	73.33	11.363636363636363
5ecb6acd10d2c36e6124c9bd	4	6	51	34	35	100	70.83	20
5ecc5d22a5e08e45bf551927	6	6	37	56	27	100	77.5	-20.43010752688172
5ece0f3693c34518cb5cbef5	4	6	32	52	36	95.83	70	-23.809523809523807
5ece8e8cfe7304272dc17551	0	6	12	96	12	100	90	-77.77777777777779
5ecf82c4e84c2d01e7ba2f7a	6	6	63	45	12	100	90	16.666666666666664
5ed1cd25eb6dc1122dbd700f	0	6	57	49	14	83.33	88.33	7.547169811320755
5ed2bdf295ed8f251d614b21	6	6	63	44	13	100	89.17	17.75700934579439
5ed3f7a0f387a109b6580537	6	6	61	41	18	83.33	85	19.607843137254903
5ed3f7c5c739ce0a04ce3df5	4	6	37	41	42	54.17	65	-5.128205128205128
5ed40545225e613ba9f16b57	5	6	66	25	29	87.5	75.83	45.05494505494506
5ed543442db0060a955d12e1	6	5	102	4	14	100	88.33	92.45283018867924
5edbf6a29a8d508920c14f6c	4	6	33	66	21	87.5	82.5	-33.33333333333333
5ee00b8630f30b34f2a5dc1c	6	6	86	15	19	100	84.17	70.29702970297029
5ee167bb5b9407188fc9f15f	1	6	70	34	16	100	86.67	34.61538461538461
5ee1be444c9d75206ce5aa92	6	6	78	25	17	95.83	85.83	51.45631067961165
5ee232f2b970662cfa352567	6	6	85	23	12	100	90	57.407407407407405
5ee5483b1dfa3b0ded826eee	6	6	79	8	33	75	72.5	81.60919540229885
5ee62007551db1034cb9696a	0	6	38	40	42	87.5	65	-2.564102564102564
5ee6be54321536000905346a	6	6	55	36	29	87.5	75.83	20.87912087912088
5ee7b0a316b7d10662171450	2	6	38	62	20	95.83	83.33	-24
5ee811d6f82aa71171ed4d83	5	6	69	27	24	87.5	80	43.75
5ee93ab8a93d8b15baf72fc5	4	6	50	63	7	100	94.17	-11.504424778761061
5ee9e9c1496265000a792544	2	6	51	53	16	100	86.67	-1.9230769230769231
5eea49c09e6f8711b4cdf3bb	6	6	69	27	24	100	80	43.75
5eeaa8ee94a7f8046a02a20d	6	6	81	27	12	100	90	50
5eeaff28cf5da71d691ef212	6	6	65	28	27	100	77.5	39.784946236559136
5eecd2e3a38fd009dd9d1f3d	6	6	36	51	33	83.33	72.5	-17.24137931034483
5eee761287fdd331fc618449	0	4	46	52	22	79.17	81.67	-6.122448979591836
5eee7e5812de8e32ecde556c	6	6	37	63	20	100	83.33	-26
5ef23630f2d2bf0589880921	6	6	49	38	33	83.33	72.5	12.643678160919542
5ef246c6d2b9060809858e7e	4	6	49	65	6	100	95	-14.035087719298245
5efa98dd74af25000cdbbf43	6	6	55	40	25	95.83	79.17	15.789473684210526
5efb022116108c000a66a141	0	6	46	43	31	83.33	74.17	3.3707865168539324
5efb31fa8cd32f04bf048643	6	6	85	18	17	100	85.83	65.0485436893204
5efb49177e130c0785b93842	4	6	55	52	13	95.83	89.17	2.803738317757009
5efb4cfd797e7108c3823ae5	0	6	51	45	24	100	80	6.25
5efca9b3026506070acda120	6	6	64	38	18	100	85	25.49019607843137
5efcd984f7176d0e6a59dd17	6	6	70	26	24	100	80	45.83333333333333
5efcdcfeaead790f210c3181	6	6	59	40	21	100	82.5	19.19191919191919
5efd3f03dbefb617cf28b12e	0	6	57	50	13	95.83	89.17	6.5420560747663545
5efef32a88bb6a01c8087591	6	6	72	24	24	83.33	80	50
5f0576c2b5b074000a8664cc	1	6	60	42	18	95.83	85	17.647058823529413
5f05b6a83c0c4206b334458a	0	6	54	48	18	87.5	85	5.88235294117647
5f07d4c092ba8742ace3d2de	6	6	50	46	24	100	80	4.166666666666666
5f08d7adb7990e14b0a2b4a2	6	5	64	32	24	100	80	33.33333333333333
5f0a14c3d362030c483654a3	6	5	57	47	16	100	86.67	9.615384615384617
5f0a7dec44c42c19a6c9f6d9	6	6	84	21	15	100	87.5	60
5f0bcb67acb8844f8a226f2b	6	6	61	27	32	95.83	73.33	38.63636363636363
5f0e9896f5e4e11e12c8f5ac	5	6	63	35	22	100	81.67	28.57142857142857
5f0fba550d4c1304aa069f1d	6	6	25	70	25	100	79.17	-47.368421052631575
5f105b47d36c8701ec112317	1	4	44	64	12	95.83	90	-18.51851851851852
5f110f4591d25946c7df1b87	1	6	54	43	23	95.83	80.83	11.34020618556701
5f117601aeef1d5095578b01	6	6	81	16	23	95.83	80.83	67.0103092783505
5f11eb333c6e2c0df5b92270	6	6	44	57	19	100	84.17	-12.871287128712872
5f178176fd9dc510cad21a86	6	6	51	38	31	75	74.17	14.606741573033707
5f1b775a104d42375a677b15	6	6	35	51	34	79.17	71.67	-18.6046511627907
5f1c0a9e47a90a000ad55e2c	2	6	77	21	22	100	81.67	57.14285714285714
5f1c0b2946a0aa454dd5ee2c	5	6	57	38	25	95.83	79.17	20
5f1dc8e9a351ad07a95854c1	6	6	49	35	36	100	70	16.666666666666664
5f20c7843957f61f62c58bb6	6	6	48	55	17	91.67	85.83	-6.796116504854369
5f218ec7604e35564a7ea1ea	6	6	52	40	28	91.67	76.67	13.043478260869565
5f240054aa2111204f231a51	0	6	49	44	27	83.33	77.5	5.376344086021505
5f2788ddf5b51d1407d074b5	6	6	62	45	13	91.67	89.17	15.887850467289718
5f2ef53d7729c52ae63230a2	6	6	82	23	15	100	87.5	56.19047619047619
5f3077924fd8214dc6684e55	5	6	92	19	9	100	92.5	65.76576576576578
5f36767024b51d0277f24582	2	6	49	44	27	70.83	77.5	5.376344086021505
5f3b033d78bf3c202a84aeb6	6	6	52	33	35	83.33	70.83	22.35294117647059
5f3bd56999a44d9324b76ddb	0	4	78	32	10	100	91.67	41.81818181818181
5f3c2648a9ef86a4c10de377	0	6	58	42	20	100	83.33	16
5f3c5d4c9168ccad270ddb36	6	6	56	50	14	100	88.33	5.660377358490567
5f3d18ef9b85490197cc41fb	0	6	43	54	23	91.67	80.83	-11.34020618556701
5f3d6f7010ad88124f3906e2	6	6	65	40	15	95.83	87.5	23.809523809523807
5f44ed0e7f545e029071c4e8	6	6	71	37	12	100	90	31.48148148148148
5f4a835e9e84256238129995	6	6	57	42	21	100	82.5	15.151515151515152
5f4c49b249b99c1462dd2640	6	6	77	25	18	100	85	50.98039215686274
5f4c9e74da9c148b0d42ecbd	6	6	6	100	14	91.67	88.33	-88.67924528301887
5f4dc319c9fb1509b77d8b84	0	6	49	61	10	100	91.67	-10.909090909090908
5f4e58804562c701d08b08d2	0	6	59	23	38	100	68.33	43.90243902439025
5f4eb6d4b6f7400f5bffa97f	5	6	50	57	13	100	89.17	-6.5420560747663545
5f4f5d2da7606a000ab233c9	0	6	62	44	14	95.83	88.33	16.9811320754717
5f4f94b31fa4ba0605c8bcae	6	6	34	78	8	100	93.33	-39.285714285714285
5f4fe37111a2531213497942	6	5	52	37	31	100	74.17	16.853932584269664
5f54b7bc649418811db24711	6	6	54	40	26	100	78.33	14.893617021276595
5f56268bff7e03a1800a3a2f	1	5	28	74	18	100	85	-45.09803921568628
5f565c9592080106c6b4d467	6	6	38	54	28	87.5	76.67	-17.391304347826086
5f579cc797c3ee2607f6e344	6	6	72	38	10	95.83	91.67	30.909090909090907
5f590fd00f0eec104b473961	1	6	52	57	11	100	90.83	-4.587155963302752
5f5b27db857807236ee3e3f3	6	6	78	31	11	95.83	90.83	43.11926605504588
5f5f72d80c064e02b8662ced	1	5	60	39	21	100	82.5	21.21212121212121
5f67c39d8d62624067e07396	6	6	78	35	7	100	94.17	38.05309734513274
5f6912baefd1c50f7f3b83f7	6	6	25	75	20	100	83.33	-50
5f6e36c7f042f033d0f97bc1	6	6	57	47	16	100	86.67	9.615384615384617
5f6f28ca6df91347f156ad9a	6	6	77	19	24	87.5	80	60.416666666666664
5f712c16875f0375275c57d5	6	6	47	53	20	83.33	83.33	-6
5f729d7c15c1dd1ee6058997	0	6	60	46	14	95.83	88.33	13.20754716981132
5f77480675b83a250b3e8c36	6	6	64	27	29	83.33	75.83	40.65934065934066
5f775d8ac99f3125e763b144	6	6	78	20	22	91.67	81.67	59.183673469387756
5f778d553167a12eae0e1c00	6	5	40	58	22	100	81.67	-18.367346938775512
5f7a28b8bedcf2112ebd1289	0	6	46	48	26	91.67	78.33	-2.127659574468085
5f7dd6ed4303f7000814dd3b	0	6	54	47	19	95.83	84.17	6.9306930693069315
5f7e6f9c1212c514f9437e3a	6	6	61	36	23	100	80.83	25.773195876288657
5f7f466a83fbad0b6a4ccb15	6	6	46	66	8	100	93.33	-17.857142857142858
5f846dd4e962ce0bf61b95fb	0	6	54	54	12	100	90	0
5f85c88c61e23608718cbd03	6	6	18	85	17	91.67	85.83	-65.0485436893204
5f88a9e10b3478081e131706	6	6	50	53	17	100	85.83	-2.912621359223301
5f8b066742a6381ddae03d75	4	6	62	56	2	100	98.33	5.084745762711865
5f8b4513fb7c7425abdbbb81	6	6	74	22	24	87.5	80	54.166666666666664
5f8cbc5c355ea745e6cef2ca	6	6	40	49	31	79.17	74.17	-10.112359550561797
5f8d88be68198208a829cd5f	0	3	52	39	29	95.83	75.83	14.285714285714285
5f8f0ae15fe9e60fbbbaead9	6	6	26	51	43	83.33	64.17	-32.467532467532465
5f9389fafdbecb173b329cca	6	6	72	32	16	100	86.67	38.46153846153847
5f93aff4d654c619d22b94b9	6	6	80	16	24	91.67	80	66.66666666666666
5f985596be2ea910b23827ed	4	5	44	64	12	95.83	90	-18.51851851851852
5fa1636a77c875235bd8e1f6	6	6	78	25	17	100	85.83	51.45631067961165
5fa7c59d7c24a5554e80e4aa	6	6	72	32	16	95.83	86.67	38.46153846153847
5fadeb340e10471fdeb5fbf5	6	6	89	13	18	95.83	85	74.50980392156863
5faeb8eb6562cd0163f216ec	6	6	40	36	44	75	63.33	5.263157894736842
5fb2ce5316dfd3963b4be37c	0	6	42	66	12	95.83	90	-22.22222222222222
5fb3e1ecadba8802c0d12fe6	6	6	55	30	35	87.5	70.83	29.411764705882355
5fb402a66cba9801673f2b5c	0	6	61	40	19	100	84.17	20.792079207920793
5fb5829e56cf2b0b8446dda2	3	6	70	37	13	100	89.17	30.8411214953271
5fb70808c7c7bb1d76c2b9d4	6	6	0	119	1	100	99.17	-100
5fb93f3349adcb75d64045d1	1	6	51	56	13	100	89.17	-4.672897196261682
5fba91d5a2e5dda8c5977190	0	6	57	44	19	100	84.17	12.871287128712872
5fbd948d22ebef1c398a8e8a	4	6	38	42	40	66.67	66.67	-5
5fbedb605c74b312137f371b	2	6	35	45	40	87.5	66.67	-12.5
5fc0c49264908d09e94c8cd7	6	6	115	1	4	100	96.67	98.27586206896551
5fc14a9cfddce609bd3e5015	6	6	42	48	30	83.33	75	-6.666666666666667
5fc2a0d812bc59000b746ee5	6	6	71	29	20	87.5	83.33	42
5fc3442312bc5917b8341963	1	6	47	41	32	100	73.33	6.8181818181818175
5fc42a3648abac377a552522	6	3	80	7	33	70.83	72.5	83.9080459770115
5fc45894c518494211619c7e	6	6	50	48	22	100	81.67	2.0408163265306123
5fcd709227fabfc6ca7a969e	6	6	62	35	23	100	80.83	27.835051546391753
5fd0dc0d8dae67016ed65a54	5	6	52	62	6	95.83	95	-8.771929824561402
5fd0ef1dbfdf0801f669f642	1	1	54	53	13	100	89.17	0.9345794392523363
5fd18d125e1f92195b1717bc	3	6	51	57	12	100	90	-5.555555555555555
5fd8c059856120277dec48ef	6	6	32	41	47	70.83	60.83	-12.32876712328767
5fde9d8446872e61791b82c7	1	6	70	26	24	91.67	80	45.83333333333333
5fe9ccf43803bb921592f8ac	4	5	49	53	18	95.83	85	-3.9215686274509802
5feb9a64d42dc5c4926ffe03	6	6	39	43	38	79.17	68.33	-4.878048780487805
5fef00fd52b0e2d230369a01	6	6	0	120	0	100	100	-100
5fef2fa9efea401f0b55a7c2	5	6	41	40	39	79.17	67.5	1.2345679012345678
5fefbee02c2ee6e7ad30b24d	0	6	48	50	22	91.67	81.67	-2.0408163265306123
5ff35316d4f1e4411075686b	3	6	57	41	22	91.67	81.67	16.3265306122449
5ff39ec71d6cb49c6c906727	5	4	29	45	46	75	61.67	-21.62162162162162
5ff633cda2b5841a81ec5b9a	0	6	56	43	21	100	82.5	13.131313131313133
5ff94e71c59814230b0fb713	6	6	58	28	34	87.5	71.67	34.883720930232556
6000cefee380e61fa9bc5ae4	6	6	67	43	10	100	91.67	21.818181818181817
6002e90144049f32edaf9ccf	0	6	46	47	27	83.33	77.5	-1.0752688172043012
600604af2e88fb932d0b7aec	4	6	62	40	18	100	85	21.568627450980394
60079f45348bb62bdcd363ff	6	6	50	42	28	100	76.67	8.695652173913043
600c3a4cf1786b0d29f2e0b5	6	6	60	30	30	95.83	75	33.33333333333333
601228de8f04be234171ca8f	6	6	84	24	12	100	90	55.55555555555556
6012a60ae800da000ce2e328	0	6	72	26	22	100	81.67	46.93877551020408
60130d613d3ca613b04d39bb	6	6	57	44	19	100	84.17	12.871287128712872
6014319e270fe939a04f9750	6	6	50	56	14	83.33	88.33	-5.660377358490567
6017f6742d7cc9ad4f98fb4d	5	6	32	44	44	66.67	63.33	-15.789473684210526
60188f5f74e975153e518af0	5	6	58	52	10	100	91.67	5.454545454545454
6018e7e271455e1e9e49bda1	6	6	68	27	25	100	79.17	43.15789473684211
601957589dce2d020c0b68fd	6	6	51	33	36	83.33	70	21.428571428571427
601bd7b6f176775ca8d0cd76	0	6	49	51	20	100	83.33	-2
601d7cc678b34c000c119699	6	6	95	10	15	100	87.5	80.95238095238095
601e13b872774f263d64acac	1	6	48	46	26	91.67	78.33	2.127659574468085
601fe0abd9466c54b4ae2edf	6	6	69	35	16	95.83	86.67	32.69230769230769
60205d8a88ba9165dda2b151	2	6	49	51	20	91.67	83.33	-2
6025322c854f3a000b5f39f4	6	6	84	21	15	100	87.5	60
6025534aacfd7c07175859d8	6	6	28	69	23	75	80.83	-42.2680412371134
60282d2ffedb021342e2df15	1	0	52	57	11	100	90.83	-4.587155963302752
6029b0e17f3b5d944ab183f1	6	6	40	53	27	100	77.5	-13.978494623655912
602d0d644ae79165540824c7	6	6	0	119	1	100	99.17	-100
60301eb443d657e3194282fa	4	6	63	40	17	95.83	85.83	22.330097087378643
603862f99e00971c55fe0874	6	6	36	63	21	91.67	82.5	-27.27272727272727
60392f725862f13f0fe248fd	5	6	51	47	22	91.67	81.67	4.081632653061225
603bbf426ba69e8af20ace6f	6	6	66	36	18	91.67	85	29.411764705882355
603cdf727dc2aaaf78665c7a	6	6	89	20	11	100	90.83	63.30275229357798
603ed5d8d98e95fc0e0a67a9	1	6	39	30	51	58.33	57.5	13.043478260869565
603ffa2297399c196dd985c6	6	6	82	19	19	95.83	84.17	62.37623762376238
60412f7a5f580407f8e6e615	6	6	66	29	25	91.67	79.17	38.94736842105263
6044aeec82a9db5312244eff	2	6	64	28	28	83.33	76.67	39.130434782608695
60469cfa17b0fd0dca2c2286	6	6	56	39	25	100	79.17	17.894736842105264
604948af3d18f08a6d339883	6	6	39	67	14	100	88.33	-26.41509433962264
604b682a8b6ed9694d8e48aa	6	6	57	36	27	95.83	77.5	22.58064516129032
604c43026c4192103feff6e7	6	6	53	50	17	100	85.83	2.912621359223301
604e634b32d4a6d79fe6dff9	6	6	37	71	12	95.83	90	-31.48148148148148
604ece0ddcb93c1afcda5601	6	6	53	34	33	87.5	72.5	21.839080459770116
6053af645a4c66eac9bb2c2b	6	6	50	36	34	70.83	71.67	16.27906976744186
6054e1ddb68b58dd23242765	6	6	77	18	25	95.83	79.17	62.10526315789474
605504fc7a5a699c16ae8b4d	0	6	55	42	23	91.67	80.83	13.402061855670103
6055710aefbed49cbc6c872b	6	6	27	71	22	100	81.67	-44.89795918367347
605867beea908e8ef4302da6	2	6	53	55	12	100	90	-1.8518518518518516
6059de1764f0ba6ded888c05	6	6	71	40	9	91.67	92.5	27.927927927927925
605af9d7b86acbdc81560f8b	2	6	52	45	23	83.33	80.83	7.216494845360824
605e9cc770aa6d1947d02bfa	6	6	39	52	29	100	75.83	-14.285714285714285
6061fff2c21e787791b1d052	6	6	41	42	37	70.83	69.17	-1.2048192771084338
606492360e422d12dc63000e	6	6	91	19	10	100	91.67	65.45454545454545
6065d6c60c9d35be7632a6ca	0	5	52	58	10	100	91.67	-5.454545454545454
606df53de4b0550a5f42fefe	6	6	63	29	28	91.67	76.67	36.95652173913043
607047e8bf8855d7e3112b91	0	6	57	51	12	95.83	90	5.555555555555555
6071a3faff84952d04771a21	6	6	14	102	4	100	96.67	-75.86206896551724
6072f0c49cdfff6846fc1964	6	6	83	23	14	100	88.33	56.60377358490566
6072f5e58232a7e276108b28	2	6	54	56	10	100	91.67	-1.8181818181818181
60743e408fd768b1a939ed4c	6	6	56	46	18	100	85	9.803921568627452
6074b929f753216d88c77e88	6	6	61	35	24	100	80	27.083333333333332
6074c0ce19889ca4efd4448e	1	6	36	50	34	70.83	71.67	-16.27906976744186
6075ecc30e7921c183644eaa	6	6	52	65	3	100	97.5	-11.11111111111111
60794cf6640dbc4d3662ef07	6	6	50	48	22	95.83	81.67	2.0408163265306123
607cce4d28ef1f0561fc93ca	6	6	53	37	30	95.83	75	17.77777777777778
607f0b70818fde7990b3992d	6	6	68	26	26	95.83	78.33	44.680851063829785
607f2e7133afa07084f6be01	6	6	67	32	21	91.67	82.5	35.35353535353536
607f7f18d84d010ea2cd8664	6	6	99	12	9	100	92.5	78.37837837837837
6080c437c4d7109234489144	5	6	42	56	22	95.83	81.67	-14.285714285714285
6080f54b42dcabe9e1418fe3	6	6	65	39	16	100	86.67	25
60815de360f218f8b6164656	6	6	53	41	26	87.5	78.33	12.76595744680851
6083e4575dc56d8ed869d70f	0	4	52	56	12	100	90	-3.7037037037037033
60868644bc3f19d6d4f9a413	6	6	25	81	14	100	88.33	-52.83018867924528
60873d2ab16643e5a08cafd2	0	6	68	38	14	100	88.33	28.30188679245283
608bfa04767191aa4d57bfd8	6	6	74	39	7	100	94.17	30.973451327433626
608da9dd3e630867a6efd9b2	1	3	16	21	83	12.5	30.83	-13.513513513513514
6090578fb2299eacaec32b7a	6	6	87	25	8	100	93.33	55.35714285714286
6091e1be3df7254e526f7168	6	6	83	21	16	91.67	86.67	59.61538461538461
6093352bbe7fa5d5483fa970	3	6	44	53	23	95.83	80.83	-9.278350515463918
6094af4acc2ca8dd2c6f8edd	6	0	30	67	23	95.83	80.83	-38.144329896907216
6095fc75ab1d101e060d808b	2	6	23	35	62	16.67	48.33	-20.689655172413794
60996e96d40f57772e96ab4f	6	6	53	47	20	100	83.33	6
609992993f9e385c720e2ba5	2	6	52	44	24	91.67	80	8.333333333333332
609a9aae2e53d2c195a1bba6	2	6	48	49	23	87.5	80.83	-1.0309278350515463
60a1e78bca6d054be353758f	0	6	65	45	10	95.83	91.67	18.181818181818183
60a2cf0845851125015f4c1e	1	3	41	42	37	70.83	69.17	-1.2048192771084338
60a80fbd13aba726d46b8f2e	5	6	40	45	35	75	70.83	-5.88235294117647
60aa79fa99f7d53701b02256	6	6	31	63	26	100	78.33	-34.04255319148936
60ab9e649e9587f020d43ede	6	6	69	35	16	83.33	86.67	32.69230769230769
60ae58bc8c294827d300e31c	6	6	58	44	18	91.67	85	13.725490196078432
60aecded93eb495d413a482b	5	6	73	34	13	100	89.17	36.44859813084112
60aee0858e96f753f593b729	6	6	80	33	7	95.83	94.17	41.5929203539823
60b15442ddeb2fb71659ae2e	5	6	67	31	22	87.5	81.67	36.734693877551024
60b610d8c3c4f177c8337729	6	6	20	88	12	87.5	90	-62.96296296296296
60b78dc1eb46833a5c6b1235	6	6	43	49	28	95.83	76.67	-6.521739130434782
60b8198defba8da1d95a93b8	6	6	61	48	11	100	90.83	11.926605504587156
60b8ee3c30afdb493743872e	6	6	23	70	27	75	77.5	-50.53763440860215
60b9b66f3b3795d796a82ee6	6	6	41	39	40	70.83	66.67	2.5
60ba660517a2dba7f4b8c4de	6	6	58	39	23	87.5	80.83	19.587628865979383
60bb3b463887c2f9d1385cce	0	6	57	39	24	95.83	80	18.75
60bd4bfc88b646e72d772977	6	6	48	40	32	100	73.33	9.090909090909092
60be1e056f39c387c4f02308	6	6	48	49	23	75	80.83	-1.0309278350515463
60bf9da88006aeba20357735	2	6	34	54	32	75	73.33	-22.727272727272727
60bfa45e4b4c6f448676b18e	4	6	56	54	10	95.83	91.67	1.8181818181818181
60c12fe6ca8c4aa6d0185190	6	6	36	57	27	95.83	77.5	-22.58064516129032
60c29201092d523e3b08a603	5	6	82	16	22	91.67	81.67	67.3469387755102
60c939f66b866cfeb73eec68	6	6	76	31	13	100	89.17	42.05607476635514
60c93f189082587ea79ce324	6	6	33	33	54	62.5	55	0
60c9b0886e03c28f26d97b19	3	6	61	32	27	100	77.5	31.182795698924732
60cb864c78911d94995416e9	3	6	43	39	38	83.33	68.33	4.878048780487805
60ce179aa6f645eb5543c20e	6	6	55	38	27	100	77.5	18.27956989247312
60cef7be32400c5dd5a5a10f	0	6	43	71	6	91.67	95	-24.561403508771928
60cf5539b37d771226c81bd2	1	5	46	59	15	100	87.5	-12.380952380952381
60cfa8282c2d838ec7e98e95	1	4	55	47	18	100	85	7.8431372549019605
60d0709ffc9b494cf65a266c	6	6	38	32	50	54.17	58.33	8.571428571428571
60d13d406f3b34d6791c8831	6	6	42	65	13	100	89.17	-21.49532710280374
60d20bdca2934c2104798fff	6	6	74	28	18	91.67	85	45.09803921568628
60d2c59451b12e36fb281477	6	5	53	36	31	95.83	74.17	19.101123595505616
60d35fa71e56e17e064c2c1e	4	0	50	50	20	79.17	83.33	0
60d3740f31606cb50e49f00c	5	6	56	47	17	83.33	85.83	8.737864077669903
60d54e6c7c07f25c5b751491	2	5	55	59	6	100	95	-3.508771929824561
60d5c363dd49bcb80e528806	4	3	35	56	29	75	75.83	-23.076923076923077
60d6562174087c2eccf2357f	6	6	103	8	9	100	92.5	85.58558558558559
60d8c6bc9686529cdc824a49	6	6	62	33	25	100	79.17	30.526315789473685
60dd27004a74c325f5b22e17	4	6	72	15	33	75	72.5	65.51724137931035
60ddf72ef11f891328449fb0	6	6	78	20	22	100	81.67	59.183673469387756
60e0687e08d77efdaa4e9aa8	6	6	92	13	15	87.5	87.5	75.23809523809524
60e0932282119517de61e37c	6	3	47	45	28	83.33	76.67	2.1739130434782608
60e3abf8c7ce5b28f917f5d3	6	6	74	19	27	79.17	77.5	59.13978494623656
60e5e5b0ceabcb5d6c5f1dd0	0	6	58	32	30	91.67	75	28.888888888888886
60e67bc1585c7158f6f9116a	6	6	57	55	8	100	93.33	1.7857142857142856
60e6edaeed006606fe5d0419	4	6	36	63	21	100	82.5	-27.27272727272727
60e7044ddc2523fab6cbc0cd	6	6	50	58	12	95.83	90	-7.4074074074074066
60e8a63f733f423be3da1846	6	6	99	11	10	95.83	91.67	80
60e8b68c9033e23d58e9dcc0	0	5	47	56	17	91.67	85.83	-8.737864077669903
60e8f275f92d76c8f3a687bb	0	6	40	44	36	75	70	-4.761904761904762
60e9cbd27102b08fc616fbe6	6	6	33	68	19	95.83	84.17	-34.65346534653465
60ea57c074a703877f04330b	6	6	62	28	30	83.33	75	37.77777777777778
60ea8e0a21b4d8ed9eddcc82	6	6	65	43	12	100	90	20.37037037037037
60eacff7b678411f44e11a12	6	6	59	32	29	79.17	75.83	29.67032967032967
60edac38ac8045d6947c92c4	3	6	60	40	20	100	83.33	20
60edac884fef13c0b0660daf	1	5	49	48	23	91.67	80.83	1.0309278350515463
60eec0367a7cc5ea6ed0e099	4	4	73	40	7	95.83	94.17	29.20353982300885
60ef047e8969715a3db7181a	6	5	55	45	20	95.83	83.33	10
60f47fc03ca663a2425b8085	4	6	16	84	20	95.83	83.33	-68
60f4e3ab507bbb123f866e88	6	6	31	59	30	100	75	-31.11111111111111
60f5917414ac7d222d22db64	6	6	73	26	21	100	82.5	47.474747474747474
60f5d68c9b6838e7659f53af	6	6	65	34	21	100	82.5	31.313131313131315
60f74d68056e79023b681952	6	6	24	85	11	100	90.83	-55.96330275229357
60f8658bf9d1627d3bc87a3d	3	2	54	50	16	91.67	86.67	3.8461538461538463
60f94ae0c088d8cb4f4a39ff	6	6	67	39	14	100	88.33	26.41509433962264
60fb0deb007dc3a640662150	2	6	40	63	17	95.83	85.83	-22.330097087378643
60fb9db54c70dd24172b67c3	6	6	49	56	15	100	87.5	-6.666666666666667
60fc1b9a79d5bbbb6712bf8e	1	6	53	57	10	100	91.67	-3.6363636363636362
60fc2f923851f117e21b878f	6	6	75	36	9	91.67	92.5	35.13513513513514
60fc3a1e0eb578aa02590e27	6	5	42	43	35	83.33	70.83	-1.1764705882352942
60fc613690b108048160a92c	0	6	67	32	21	100	82.5	35.35353535353536
60fcd5602ff7c8f0866ecd0c	5	6	62	31	27	100	77.5	33.33333333333333
60fcdc8565f979db697cbb62	1	6	58	56	6	100	95	1.7543859649122806
60fcefe49e61a0aa689df3c8	6	6	47	36	37	91.67	69.17	13.253012048192772
60fcfc727484888d11fac02a	0	6	55	58	7	100	94.17	-2.6548672566371683
60fd006a5893cbce502dffd4	1	6	69	32	19	95.83	84.17	36.633663366336634
60fd0d9bafc469eb390491a0	6	6	30	74	16	100	86.67	-42.30769230769231
60fd104de10db57a893a0296	6	6	94	9	17	100	85.83	82.52427184466019
60fd47060f9034b90c94ac08	6	6	41	46	33	91.67	72.5	-5.747126436781609
60fd4a53b6aed2f94948d362	5	6	63	48	9	95.83	92.5	13.513513513513514
60fd58f89d037589c34f5a18	6	6	59	43	18	100	85	15.686274509803921
60fd64fd34ee5940500d499f	5	6	42	57	21	95.83	82.5	-15.151515151515152
60fd80c426ac8c2b5da717b7	0	6	59	42	19	91.67	84.17	16.831683168316832
60fd99228ede8e6e8c0a2411	2	6	55	56	9	100	92.5	-0.9009009009009009
60fdb99f392d7600a5d42c1f	6	6	42	68	10	100	91.67	-23.636363636363637
60fde2dcd1deb9c16988f4ea	6	6	54	51	15	100	87.5	2.857142857142857
60fe0a8295a33168e57c2073	6	6	47	42	31	87.5	74.17	5.617977528089887
60fe1e46d1cbe0214ada4526	6	6	92	15	13	95.83	89.17	71.96261682242991
60fe1f142ea14f6f8d70e68d	3	6	43	61	16	100	86.67	-17.307692307692307
60feaeb30d9981f22b233712	3	6	44	45	31	79.17	74.17	-1.1235955056179776
60fed81a020a69e3bbb6017d	6	6	65	44	11	87.5	90.83	19.26605504587156
60fee6ac4251e521b4546f1d	5	6	51	42	27	100	77.5	9.67741935483871
60fef79fa408c9eae61e49c3	6	6	77	23	20	95.83	83.33	54
60ff0ff28636a214aed9a72e	0	6	46	45	29	91.67	75.83	1.098901098901099
60ff30f3bc42a1631f5758ee	6	6	56	43	21	95.83	82.5	13.131313131313133
60ff6673abdb3e7cbdfafe10	6	6	39	41	40	79.17	66.67	-2.5
60ffea6791b8a6fca294f97c	6	6	59	44	17	100	85.83	14.563106796116504
610058f21b82dddf45b44009	5	5	57	54	9	100	92.5	2.7027027027027026
61005ada2ffbf75efed5deb5	0	6	58	53	9	100	92.5	4.504504504504505
61005b49f8382e2e24f00ef0	6	6	57	41	22	100	81.67	16.3265306122449
610093fb67a014f2230f77bb	6	6	45	62	13	95.83	89.17	-15.887850467289718
6100c17164f9f4c063f4d25f	6	6	67	32	21	100	82.5	35.35353535353536
6100d28f1e251a6dff92f0df	4	6	49	56	15	100	87.5	-6.666666666666667
6100fd9153a73727cf2edda8	1	6	41	45	34	91.67	71.67	-4.651162790697675
61020197f83a83260d8c78b4	2	6	89	25	6	100	95	56.14035087719298
6104768a9cb1e52907ff3bd5	6	6	50	55	15	100	87.5	-4.761904761904762
6104f2626b46bd21f1c9a1b3	6	6	76	23	21	91.67	82.5	53.535353535353536
6105758d070f9b350cea24ba	0	0	49	47	24	95.83	80	2.083333333333333
6105f0d0cbe5d053ff7ecade	1	6	46	56	18	87.5	85	-9.803921568627452
61067ed9f756e2096f4ae3bc	6	6	84	15	21	87.5	82.5	69.6969696969697
6107a5be3cbf757b3297d8a1	0	2	48	53	19	100	84.17	-4.9504950495049505
61084dbab48ab21fce452554	5	6	79	18	23	95.83	80.83	62.88659793814433
61088f97759a1199340202e9	6	6	41	52	27	91.67	77.5	-11.827956989247312
6108d6efa698e3dbe3b313d3	5	6	72	13	35	79.17	70.83	69.41176470588235
6108e2470b62bbe11b9f2e7c	4	6	75	23	22	100	81.67	53.06122448979592
6109df8b813b0d148dde496f	6	6	57	48	15	95.83	87.5	8.571428571428571
610acf76d33d448b391eb588	6	6	40	58	22	83.33	81.67	-18.367346938775512
610b64dc95ff0ef5b5b9ac6b	6	6	21	80	19	95.83	84.17	-58.415841584158414
610d170f7bb4e720cb85b6b2	6	6	52	52	16	100	86.67	0
610e0a1e95c323743ff02dcb	4	0	70	33	17	95.83	85.83	35.92233009708738
61103c2b7810420e5f23f437	6	6	56	54	10	100	91.67	1.8181818181818181
61107313f8a8c5d8adc23703	6	6	80	22	18	91.67	85	56.86274509803921
6110bcb9e93c1960b9f28deb	6	6	85	15	20	95.83	83.33	70
611112142433b5e95c84acd9	1	6	70	36	14	91.67	88.33	32.075471698113205
611131e47725f6a04c723651	6	6	86	12	22	87.5	81.67	75.51020408163265
61114a817e2f468c9af43bba	2	6	34	61	25	83.33	79.17	-28.421052631578945
61119018babf810c0cab7d3b	1	6	48	43	29	100	75.83	5.4945054945054945
6111949dc977e72c3f9e7335	5	6	78	35	7	100	94.17	38.05309734513274
6111997b776e4a117a04cccb	0	6	58	50	12	100	90	7.4074074074074066
6111b5e34b026c7ce51a4353	0	6	41	37	42	70.83	65	5.128205128205128
6111cbf1e5dffb55a8f70153	2	6	36	64	20	95.83	83.33	-28.000000000000004
611291090e626fdfde536f38	6	6	65	31	24	91.67	80	35.41666666666667
6112c77c4cb58daede378463	0	6	62	26	32	62.5	73.33	40.909090909090914
611383641ef5dff3b6f75ee5	3	6	60	39	21	87.5	82.5	21.21212121212121
611409d13bdb227076c9426b	2	6	60	43	17	95.83	85.83	16.50485436893204
6116006273dc164b00631515	4	6	53	42	25	95.83	79.17	11.578947368421053
6116aa8875bdab57cab52804	1	3	4	112	4	95.83	96.67	-93.10344827586206
611988e5392b6d421939c5d1	0	6	84	26	10	95.83	91.67	52.72727272727272
611a435c3f45b6c288196363	4	6	53	46	21	100	82.5	7.07070707070707
611ab91a00baa062f55b86d8	4	6	43	73	4	95.83	96.67	-25.862068965517242
611ae10542e79063248b4f47	5	6	66	44	10	95.83	91.67	20
611e4e160f41977f737035ef	6	6	78	29	13	100	89.17	45.794392523364486
611fb8ddcc7bb35d86ec0714	0	5	55	60	5	100	95.83	-4.3478260869565215
6120d602c1976a4114dcb110	6	6	70	28	22	95.83	81.67	42.857142857142854
61210b5c3f465c51a7f4166a	6	6	34	24	62	75	48.33	17.24137931034483
61216047eea1fe5523aa30e4	6	6	62	35	23	83.33	80.83	27.835051546391753
6122bff4706b6d848da00ec1	4	6	51	53	16	75	86.67	-1.9230769230769231
61230b14a3bcb65c585dfdaa	6	6	57	39	24	83.33	80	18.75
6125653f9d984b6fd3d68983	5	6	59	44	17	95.83	85.83	14.563106796116504
612669b8c92504572e54c62b	6	6	74	16	30	100	75	64.44444444444444
6128a3db67305ef94021fcd7	5	6	50	45	25	100	79.17	5.263157894736842
6129cc7a565c9c03752802fa	6	0	108	2	10	100	91.67	96.36363636363636
612cb8ab5ad60fc4504e073f	6	6	77	14	29	83.33	75.83	69.23076923076923
612d5ca50be0e9ff3505561f	6	6	58	41	21	95.83	82.5	17.17171717171717
612df6ef33e1afb850d6d56f	3	6	12	99	9	95.83	92.5	-78.37837837837837
6130ea03d6862384241af61a	0	6	53	61	6	100	95	-7.017543859649122
61313473de5462f652bb133c	1	6	58	54	8	100	93.33	3.571428571428571
6132cc58d1dcc24bcdb61606	6	6	66	35	19	95.83	84.17	30.693069306930692
61338374ecef87bfdfd1c7bb	6	6	47	36	37	91.67	69.17	13.253012048192772
6134eba70b3263b484d2b471	6	6	84	21	15	100	87.5	60
613589ac6333693e1927fa76	5	6	61	17	42	79.17	65	56.41025641025641
613637a4f7a0e5359082010b	6	6	90	13	17	100	85.83	74.75728155339806
613b33351fe3b5ef6a70f654	0	6	50	59	11	95.83	90.83	-8.256880733944955
613b94b83b5cb4c72904f8b3	5	2	53	48	19	87.5	84.17	4.9504950495049505
613b94c0131c197e3151d176	2	6	52	49	19	100	84.17	2.9702970297029703
613e4fe98859554b7170871b	6	6	35	77	8	91.67	93.33	-37.5
613e7bf4ae5857b728674b91	6	6	66	36	18	100	85	29.411764705882355
613fa6a4ac727e4d53fcaf38	6	6	53	53	14	95.83	88.33	0
61413568af671b4a3f59aa8a	6	6	38	61	21	100	82.5	-23.232323232323232
6141f62294ff9bf9d89e8897	5	6	93	18	9	100	92.5	67.56756756756756
61432781817c1541f59bbf33	0	4	48	44	28	95.83	76.67	4.3478260869565215
6144c14d93e88592f8e9750d	1	6	83	15	22	70.83	81.67	69.38775510204081
6146f9d153bd39dfa1fe49b5	4	6	45	51	24	87.5	80	-6.25
6147082f6a4363dd25430c10	4	6	51	46	23	100	80.83	5.154639175257731
6147213e9333ddd0c65b3ed3	0	4	55	57	8	100	93.33	-1.7857142857142856
61474f07f4cfbc50cb3b2f1e	4	6	26	74	20	100	83.33	-48
61479ab9218564b0c032d382	0	3	40	66	14	95.83	88.33	-24.528301886792452
6148963108ad9e90ae61c8ab	6	6	60	40	20	100	83.33	20
61498e629580b6d5cc8f67f3	6	6	56	49	15	91.67	87.5	6.666666666666667
614a125a754b4a9660643d88	5	6	68	37	15	95.83	87.5	29.523809523809526
614dc45c0ed5f55d9036e0d9	6	6	68	29	23	95.83	80.83	40.20618556701031
614e43c148febeb17c93e998	5	6	84	30	6	91.67	95	47.368421052631575
614e5f296503fcbc29f42b3a	6	6	65	28	27	95.83	77.5	39.784946236559136
614fe09fec9ce4a2a415476d	3	6	48	66	6	100	95	-15.789473684210526
61511b7499620085c08c171d	5	6	49	57	14	100	88.33	-7.547169811320755
6151b373b274d12a949a4369	5	6	46	46	28	79.17	76.67	0
6151e572a07b1d5e164bab2c	6	6	59	50	11	100	90.83	8.256880733944955
61530d04a2176282b7ee6fac	6	6	55	52	13	91.67	89.17	2.803738317757009
6153593be7f8925dee8d7db6	0	6	48	60	12	100	90	-11.11111111111111
6153b5513ccada2d35fae508	6	6	61	34	25	79.17	79.17	28.421052631578945
61544c7e85951454f9c5b60e	6	6	61	43	16	100	86.67	17.307692307692307
6154973c69da7c97996a19f6	6	6	59	49	12	100	90	9.25925925925926
6154b0b9c638eb2b8b147def	6	6	69	36	15	100	87.5	31.428571428571427
61577f23f2c969a3eae09d3b	6	6	68	28	24	95.83	80	41.66666666666667
61592ea07347e286bca1955f	0	6	79	30	11	100	90.83	44.95412844036697
6159fb27b6340dda3fc6a5c3	0	6	56	44	20	95.83	83.33	12
615c6b6db80030c2df00f6b7	6	6	61	34	25	100	79.17	28.421052631578945
615c9a75a3347425d96d9f4f	1	6	62	51	7	95.83	94.17	9.734513274336283
615dd0f9a1497c3521241dbc	5	6	25	80	15	100	87.5	-52.38095238095239
615dd1eb2702a672f7db49f1	6	6	47	67	6	100	95	-17.543859649122805
615edb3967bc743ac381a940	6	6	82	23	15	100	87.5	56.19047619047619
615fdfca4830432512527cf3	6	6	29	75	16	91.67	86.67	-44.230769230769226
6160c8f657e3c4094b01614a	5	6	40	57	23	83.33	80.83	-17.525773195876287
616413c53aace889a0f13c3a	6	6	51	59	10	100	91.67	-7.2727272727272725
616426c9ef325b5dd26f7d8e	6	6	60	43	17	100	85.83	16.50485436893204
6164b1a030e4e2dbcd02e92e	2	6	64	49	7	95.83	94.17	13.274336283185843
6164cb24dbf61b550392e841	0	5	51	57	12	95.83	90	-5.555555555555555
616555ec3460f0a519c1cdff	2	6	49	45	26	100	78.33	4.25531914893617
6165a8ee6dde7ff6f4b22e6f	6	6	70	22	28	95.83	76.67	52.17391304347826
6165ab1d62dc48b90438ea1d	6	6	39	63	18	100	85	-23.52941176470588
6167abbd7db521535e811eb0	5	6	57	31	32	87.5	73.33	29.545454545454547
6168713d805efede55796d7f	3	2	46	53	21	95.83	82.5	-7.07070707070707
6168ace1ef0f716f56f08f5b	6	6	43	20	57	54.17	52.5	36.507936507936506
61698720ea3862e067c47c73	6	6	88	22	10	100	91.67	60
616996c4f97c112b8c31d813	2	3	46	40	34	70.83	71.67	6.976744186046512
616ddd8fb030bba466234e7a	6	6	41	58	21	100	82.5	-17.17171717171717
616f3c3672c07234d96edc86	4	6	50	53	17	100	85.83	-2.912621359223301
61716052a11968c4644776b7	5	3	5	100	15	79.17	87.5	-90.47619047619048
617172d3e4d3b6d6ab6a705c	5	6	45	48	27	95.83	77.5	-3.225806451612903
61731c0ef27028acbfbbf972	1	6	35	30	55	37.5	54.17	7.6923076923076925
6175e05636b79082f8d345c5	6	6	50	53	17	95.83	85.83	-2.912621359223301
61bb36e440db417c1a13894a	6	6	74	37	9	100	92.5	33.33333333333333
61f2adfaa09e72f23cbaf9da	4	6	32	42	46	66.67	61.67	-13.513513513513514
61fa945e5719bc09cb834f15	0	6	43	54	23	95.83	80.83	-11.34020618556701
62029a07ef1cb18a1337c583	5	6	72	30	18	100	85	41.17647058823529
62029a55ef1cb18a1337c61a	0	6	54	46	20	95.83	83.33	8
62029adcef1cb18a1337c71c	6	6	61	38	21	100	82.5	23.232323232323232
6234864ec4a6e1aa0229fbd7	2	6	77	25	18	100	85	50.98039215686274
62349b9d9d293b56a95ede2c	5	6	58	32	30	83.33	75	28.888888888888886
6234a7fc493d026318784c23	6	6	67	28	25	95.83	79.17	41.05263157894737
6237ca974050879378c8fea8	5	6	58	54	8	95.83	93.33	3.571428571428571
62694fbeede8c79c1b047e80	3	6	48	47	25	95.83	79.17	1.0526315789473684
62712d1c0b71829386d60eb4	5	6	59	40	21	95.83	82.5	19.19191919191919
62728c148af5805feea46dc8	1	2	60	52	8	87.5	93.33	7.142857142857142
6272b9dfc470a51d5fa0e6ea	0	6	60	42	18	95.83	85	17.647058823529413
6273eeabe7637501530d9733	4	4	48	49	23	100	80.83	-1.0309278350515463
6277fb597942c07d74b16b98	6	6	58	39	23	83.33	80.83	19.587628865979383
627809c52874925390a423a6	6	6	57	37	26	95.83	78.33	21.27659574468085
62824c37f4cc437ab86e0ae6	6	6	41	33	46	50	61.67	10.81081081081081
6282571cf39cd89341a474e9	6	6	57	36	27	79.17	77.5	22.58064516129032
62827ef2d905564e88a46d01	0	6	58	51	11	95.83	90.83	6.422018348623854
6282a9b9015ed5c3dbf566b3	3	5	3	105	12	100	90	-94.44444444444444
628419137c4c3ded72e4874d	5	6	48	46	26	100	78.33	2.127659574468085
6285918873f1ff83c2bfa809	6	6	60	41	19	95.83	84.17	18.81188118811881
628659966054a3064240cb17	4	6	60	50	10	100	91.67	9.090909090909092
628678ca852c5ee97a800552	6	6	44	45	31	83.33	74.17	-1.1235955056179776
62867b51e71606f873d41b05	5	6	72	33	15	100	87.5	37.142857142857146
6286ad40f6f08677959e431e	6	6	69	45	6	100	95	21.052631578947366
628781515f29a0394e23b15b	6	6	79	26	15	95.83	87.5	50.476190476190474
628bbe2c0f8080e6985e8592	6	6	34	69	17	100	85.83	-33.980582524271846
628d62e2c99c773b217f1321	6	6	46	63	11	91.67	90.83	-15.59633027522936
628e5f283594e1a48a04886f	6	6	62	31	27	95.83	77.5	33.33333333333333
628f6d4d2a3cf806fc7e01ff	0	6	49	52	19	83.33	84.17	-2.9702970297029703
628f9b391ab8b87c64643248	6	6	11	74	35	83.33	70.83	-74.11764705882354
6290d34243e9347c40bac608	6	6	26	80	14	91.67	88.33	-50.943396226415096
6290d930eb8f73a88e290de6	6	6	72	28	20	95.83	83.33	44
62913423a2eafb7ddd64d975	6	6	44	57	19	100	84.17	-12.871287128712872
629186f7e2f20297ead170be	1	6	86	21	13	100	89.17	60.747663551401864
629531cb501e6d23d9797050	5	6	71	39	10	100	91.67	29.09090909090909
629534afc0924e49e1464589	0	5	45	39	36	87.5	70	7.142857142857142
6296bef3248bf76cc113926b	5	6	44	50	26	91.67	78.33	-6.382978723404255
629b3b3c89d490460eacbfbc	6	6	52	41	27	79.17	77.5	11.827956989247312
629e1fc50453c5096d91c5f4	4	6	45	58	17	100	85.83	-12.62135922330097
629f2a1f516a323b811b8273	6	6	66	23	31	100	74.17	48.31460674157304
629f2a9c3effb1dc81c49116	5	6	30	67	23	100	80.83	-38.144329896907216
629f2dccc6e91be06559e2f1	5	0	35	65	20	95.83	83.33	-30
629f2edb4e2e1d417c524cb7	2	6	43	66	11	100	90.83	-21.100917431192663
62a0b2f90e25677103262820	6	6	61	20	39	66.67	67.5	50.617283950617285
62a2648755dec7ce4164f875	0	6	71	28	21	100	82.5	43.43434343434344
62a2adb16716c2e0c8d3c07a	6	6	45	44	31	91.67	74.17	1.1235955056179776
62a338e26dc04ba4e4fb26bb	6	6	51	49	20	100	83.33	2
62a42874616cea6120350ad9	6	6	29	66	25	87.5	79.17	-38.94736842105263
62a733deec84f43ab19f7cca	6	6	90	17	13	100	89.17	68.22429906542055
62a7970f8387f3fcc95b106b	6	6	52	38	30	70.83	75	15.555555555555555
62a88dbc14372bc103a1accb	5	6	45	40	35	95.83	70.83	5.88235294117647
62a8f3aeaf0846daa75fbc3d	4	6	34	48	38	79.17	68.33	-17.073170731707318
62ab2034b58fe149d144acf4	6	6	92	17	11	100	90.83	68.80733944954129
62ac75a88ed59acd2d641ef5	6	6	82	24	14	100	88.33	54.71698113207547
62ac7ba73347a349866fb1f9	6	6	71	40	9	100	92.5	27.927927927927925
62ac7d0d794fad54e6cf7d84	6	6	57	47	16	95.83	86.67	9.615384615384617
62aca272d3567b4b0e575647	4	6	39	54	27	95.83	77.5	-16.129032258064516
62b09bc02efbcc7d0dd81f3b	6	6	66	41	13	100	89.17	23.364485981308412
62b1418c313cf1ef437ed9c3	5	6	72	28	20	91.67	83.33	44
62b1ff970dfb7055f35d6937	0	5	51	42	27	91.67	77.5	9.67741935483871
62b4370c9a89e5a09c4447de	6	6	75	20	25	83.33	79.17	57.89473684210527
62b4403257f7d42730f83394	5	6	48	43	29	87.5	75.83	5.4945054945054945
62b447656327845c605becd9	6	6	74	29	17	100	85.83	43.689320388349515
62b46cafda63e83d14eb4ec5	4	0	31	46	43	70.83	64.17	-19.480519480519483
62b5d90d09660072824f68cf	2	6	55	40	25	100	79.17	15.789473684210526
62b5e2bd8c3c515ab19b911a	1	6	90	22	8	100	93.33	60.71428571428571
62b5fea64b239d91783414ff	0	3	48	42	30	100	75	6.666666666666667
62b8b2be4c2b1d481f4f68c0	6	6	37	66	17	91.67	85.83	-28.155339805825243
62bc3401dc67c7598dbba4a6	6	0	22	66	32	95.83	73.33	-50
62bd685ac3edc9ad0d77812b	6	6	46	48	26	87.5	78.33	-2.127659574468085
62bdc8f9ce5149c655938472	5	6	49	49	22	87.5	81.67	0
62bddb63d7c84ff6e9c592f5	6	6	60	30	30	100	75	33.33333333333333
62c0ccde4bd16c7f96a2959f	2	1	28	45	47	83.33	60.83	-23.28767123287671
62c41fe598ab94de4d4f021e	6	6	48	49	23	79.17	80.83	-1.0309278350515463
62c61d523167ae5eafc98e6c	6	6	60	49	11	100	90.83	10.091743119266056
62c79dafb9222348d5e5a90c	4	6	50	56	14	95.83	88.33	-5.660377358490567
62c83041b362f6fad2f05822	6	6	70	33	17	95.83	85.83	35.92233009708738
62c8d159937c939dd4d139e3	6	6	35	42	43	58.33	64.17	-9.090909090909092
62caff3bc44f4d702b6e2e35	6	6	75	28	17	100	85.83	45.63106796116505
62cc0f224275a8e076973853	6	6	65	32	23	95.83	80.83	34.02061855670103
62cdb59eb5cfe2052ca5074c	0	5	56	51	13	95.83	89.17	4.672897196261682
62cdd40d1b2793efe13fd204	6	6	59	41	20	95.83	83.33	18
62ce9f115a24ca323371d2dc	6	6	67	33	20	100	83.33	34
62cf2192b9212fc96a5b3917	2	6	80	10	30	66.67	75	77.77777777777779
62d133d8355730e56a6722dc	6	6	66	26	28	91.67	76.67	43.47826086956522
62d59d0df8da03fdf7f8c317	3	0	51	50	19	91.67	84.17	0.9900990099009901
62d68f14d9b476ca9b026253	6	6	72	25	23	95.83	80.83	48.45360824742268
62d709bbd195748a93cf951b	6	6	82	28	10	100	91.67	49.09090909090909
62d9242891fdb4cd2294633e	4	6	53	47	20	95.83	83.33	6
62da6435cd756fcdd166ba69	6	0	41	56	23	100	80.83	-15.463917525773196
62daadb99f0265052485e7cf	1	5	27	39	54	62.5	55	-18.181818181818183
62db607906a1c0be0039aa32	6	6	96	12	12	91.67	90	77.77777777777779
62df7fc27c9e824a7a774103	2	3	48	57	15	95.83	87.5	-8.571428571428571
62e024e1be720e4322dade00	6	6	81	24	15	95.83	87.5	54.285714285714285
62e02b1ed5b0fbc1b1dc09e7	6	6	38	37	45	91.67	62.5	1.3333333333333335
62e0629e7fbb8a1907dade0e	5	6	30	59	31	75	74.17	-32.58426966292135
62e0c40c68eaa2ad1508eae6	4	6	38	41	41	58.33	65.83	-3.79746835443038
62e154b0682e270b4acdf5ee	6	6	63	38	19	100	84.17	24.752475247524753
62e185484154c451882a8a3d	2	0	29	52	39	70.83	67.5	-28.39506172839506
62e19208352cd518d7b2f085	6	6	67	40	13	95.83	89.17	25.233644859813083
62e1f3f870894e12168113c5	2	3	47	49	24	91.67	80	-2.083333333333333
62e25115fb932baf4a93173f	0	4	72	25	23	95.83	80.83	48.45360824742268
62e3f7b224ec70641fd86b7b	6	6	53	48	19	100	84.17	4.9504950495049505
62e40abe71c1b7e395e9bf4a	5	6	10	96	14	91.67	88.33	-81.13207547169812
62eaacea4ed738b3a35c0455	6	6	64	45	11	100	90.83	17.431192660550458
62ebd8c191cf8e7fe54af5cf	1	6	54	39	27	100	77.5	16.129032258064516
62ebf162fc296d770d108698	3	6	70	30	20	91.67	83.33	40
62ec4c02ead47ce424644dd8	6	6	57	43	20	95.83	83.33	14.000000000000002
62ecf80065974f9ca24a6430	5	6	54	49	17	100	85.83	4.854368932038835
62ee4337445b044245a71185	6	6	28	61	31	91.67	74.17	-37.07865168539326
62fb383ce16d6921d1c2c2b8	6	6	33	37	50	54.17	58.33	-5.714285714285714
62fb7a1e911792cb94b547c6	6	4	24	35	61	66.67	49.17	-18.64406779661017
62fb7b282ed3a1e42d9a5f46	6	6	63	48	9	95.83	92.5	13.513513513513514
62fb7ba781f1eaac2b543934	6	6	35	50	35	75	70.83	-17.647058823529413
62fb7dc39338d2a30ae9cff4	1	6	48	55	17	91.67	85.83	-6.796116504854369
62fb7eb177df6c3faae7baba	4	6	42	45	33	70.83	72.5	-3.4482758620689653
62fbdda6e4b5a034b71296f8	6	6	60	55	5	70.83	95.83	4.3478260869565215
62fc25ef4ce0d3d169b7a120	6	6	57	44	19	95.83	84.17	12.871287128712872
62fcabf17fc3d7ef0952fb6c	1	6	45	48	27	100	77.5	-3.225806451612903
62fe6312269d0e4ae894297b	6	6	71	31	18	100	85	39.21568627450981
62fe744f4cd35a1a91b43f13	6	6	73	30	17	100	85.83	41.74757281553398
63003bb4d6f83995fb271ba3	6	6	70	24	26	91.67	78.33	48.93617021276596
63026a8fd8429b224cd2a134	6	4	34	30	56	62.5	53.33	6.25
63039dbefda87c47a91fec04	6	6	60	27	33	91.67	72.5	37.93103448275862
6303b2a667e441d9712da559	5	6	76	26	18	100	85	49.01960784313725
6303c0bf11a5be642b52830e	0	6	54	59	7	95.83	94.17	-4.424778761061947
63069f585b35a5ec752fcd30	5	6	44	50	26	91.67	78.33	-6.382978723404255
6306d4da805f2e38a841c3ad	5	6	58	34	28	87.5	76.67	26.08695652173913
6307bd3bb93e804d22332b3e	5	6	66	47	7	100	94.17	16.8141592920354
630a2fd6e76ccbe74374656d	6	6	57	31	32	79.17	73.33	29.545454545454547
630adf01fe54101d5214a17f	6	6	78	32	10	100	91.67	41.81818181818181
630f06eb561655a94229a93d	6	6	72	27	21	100	82.5	45.45454545454545
6312ada1ce715ee3916c3748	6	6	50	44	26	95.83	78.33	6.382978723404255
63136313a568ce59fb97feb9	6	6	77	11	32	91.67	73.33	75
631381096e95278a3f97fed4	6	6	40	54	26	95.83	78.33	-14.893617021276595
6314453e0a22cc4e1e66ca08	6	6	51	34	35	66.67	70.83	20
6314bc49055e150c92f4736e	2	3	48	55	17	100	85.83	-6.796116504854369
6315a102cb675027354ef5d8	4	6	53	41	26	79.17	78.33	12.76595744680851
631610af8e747093cd90e00d	6	6	35	66	19	100	84.17	-30.693069306930692
631659ad8e5354f16aef7249	6	6	80	19	21	100	82.5	61.61616161616161
631746048043e6fd54a798d4	6	6	46	43	31	83.33	74.17	3.3707865168539324
63179fe6d8b52834c9c8f5f7	5	6	38	41	41	100	65.83	-3.79746835443038
6318ec19888839dfc0b4d5c8	5	6	44	52	24	91.67	80	-8.333333333333332
631a0abd840b151d3bf54b6b	6	6	72	23	25	83.33	79.17	51.578947368421055
631a114b543a75e72096fc17	6	6	55	43	22	100	81.67	12.244897959183673
631ab79e8635a1df26319958	6	6	60	47	13	95.83	89.17	12.149532710280374
631b1437200a529b7f31919d	1	3	54	56	10	83.33	91.67	-1.8181818181818181
631b32b0796f2941b55e7d58	6	6	34	71	15	87.5	87.5	-35.23809523809524
631bfb8f27645e704e21c1cd	4	6	47	34	39	75	67.5	16.049382716049383
631c8e97db06f601f81bd82f	1	6	42	46	32	83.33	73.33	-4.545454545454546
631f1b608af38f654d2a3b1f	3	6	27	60	33	91.67	72.5	-37.93103448275862
631f8164145b26de1567f040	0	6	66	33	21	100	82.5	33.33333333333333
631fd12cab0b639506214b7b	5	5	4	95	21	95.83	82.5	-91.91919191919192
632222532c12ab0ab7ca00bd	6	6	54	42	24	100	80	12.5
63239f94b13228f09348c943	6	6	38	34	48	62.5	60	5.555555555555555
6324190c00acac6ac06d882b	6	5	54	58	8	79.17	93.33	-3.571428571428571
63251e479509813fab713ad2	6	6	56	34	30	83.33	75	24.444444444444443
6325482a5da955ebe4a72c93	3	6	81	17	22	79.17	81.67	65.3061224489796
63287c548c0d66d1e300fd64	6	6	78	12	30	100	75	73.33333333333333
632881a28fcc3aae4da242e2	5	6	53	52	15	100	87.5	0.9523809523809524
6329f8bd8622aaba8e13a6d7	6	6	98	8	14	100	88.33	84.90566037735849
632a2b88ee7ba45758fde30b	6	0	40	47	33	75	72.5	-8.045977011494253
632b19a12e685b61f1ac6508	2	6	57	56	7	100	94.17	0.8849557522123894
632b1b35331d4efbfb0d0f8d	0	6	43	63	14	100	88.33	-18.867924528301888
632b21ce03008aff6a4314b6	4	6	77	21	22	100	81.67	57.14285714285714
632c0075227e9b734c80424d	6	6	74	23	23	91.67	80.83	52.57731958762887
632c211dcdf6a137b26dfdce	0	0	34	38	48	75	60	-5.555555555555555
632ff41f3631baf749984e3e	0	6	56	55	9	100	92.5	0.9009009009009009
6332177870f40e88d0206f74	6	6	98	18	4	87.5	96.67	68.96551724137932
6335e35d7a38530d68fd75ca	4	4	39	49	32	79.17	73.33	-11.363636363636363
63383ce105061ac9c94a652a	6	6	70	30	20	100	83.33	40
6338c289b6f1c7bdcef71166	6	6	63	42	15	100	87.5	20
633c74ad6178784ed5b52104	0	0	31	58	31	100	74.17	-30.337078651685395
63403b47287756c1978d2985	5	6	38	32	50	75	58.33	8.571428571428571
6341a541b6cfd5f8933f48c4	6	6	51	42	27	100	77.5	9.67741935483871
634282de38138fa9316eb482	0	1	65	28	27	87.5	77.5	39.784946236559136
6346880c3d5b5160c4dd3b62	6	6	52	50	18	87.5	85	1.9607843137254901
63468824bc01887b6007d674	4	6	87	16	17	100	85.83	68.93203883495146
6346887083e9dda2b38f6c56	4	6	63	36	21	100	82.5	27.27272727272727
634695670344cd46b52f7249	0	6	70	29	21	100	82.5	41.41414141414141
63469771ec0b74d9c71458d0	5	6	0	120	0	100	100	-100
6346da4e7ac002d7383bd243	6	6	28	72	20	100	83.33	-44
6347e31ef77fad7edd2f53f1	6	6	68	37	15	95.83	87.5	29.523809523809526
63483c4522d65d46028da7a7	6	6	45	56	19	100	84.17	-10.891089108910892
634bf82ea58e2f34672d56ba	6	6	63	28	29	87.5	75.83	38.46153846153847
634db0be66af0236b2c14770	6	6	60	48	12	95.83	90	11.11111111111111
6361483717c4df2ebf189d07	0	6	51	48	21	91.67	82.5	3.0303030303030303
63614928290a805b5455d371	6	6	40	31	49	75	59.17	12.676056338028168
636166e1694fe8d9ed77dd68	6	6	61	37	22	91.67	81.67	24.489795918367346
6361769fee0c219b0f1cc480	6	6	79	19	22	91.67	81.67	61.224489795918366
6361bfe81e0da4a406b33f1e	4	6	61	49	10	100	91.67	10.909090909090908
6362a31e279a0277702f9a45	6	6	41	58	21	87.5	82.5	-17.17171717171717
6365491e5682032c1c2a6687	6	6	29	70	21	91.67	82.5	-41.41414141414141
637e1d4874d7ff427504812b	0	6	41	69	10	95.83	91.67	-25.454545454545453
637e2af8fcc2c65c96d9e1a0	6	6	13	97	10	87.5	91.67	-76.36363636363637
637f7c6517daaa050a1632ba	0	6	52	59	9	87.5	92.5	-6.306306306306306
6384e8f79ddf2df1432db0e8	6	6	33	60	27	100	77.5	-29.03225806451613
638af58823dc0ec4b64d0d34	0	3	9	102	9	95.83	92.5	-83.78378378378379
63acd72d84094941de5813e5	5	6	108	1	11	91.67	90.83	98.1651376146789
63b6be87ead45e4fa772fbf5	6	2	55	54	11	87.5	90.83	0.9174311926605505
63b6cc23f13731158517f900	6	6	0	119	1	100	99.17	-100
63b6ef9027eb90f292852ee4	4	6	115	1	4	100	96.67	98.27586206896551
63bc7fe62d69346a94c04b9e	6	6	57	49	14	91.67	88.33	7.547169811320755
63bca8a6f3803fbb0c3aca28	2	6	54	49	17	95.83	85.83	4.854368932038835
63bd61cff50297c9332e3f39	0	5	41	30	49	70.83	59.17	15.492957746478872
63bdfe6a69fc4d15b3aec18d	5	6	64	44	12	100	90	18.51851851851852
63be6aae1b65a42e794770ee	3	3	31	36	53	75	55.83	-7.462686567164178
63c3164c08ff110d63b44dc6	1	2	13	91	16	83.33	86.67	-75
63c3584c5e3d88814d1005ab	6	6	20	88	12	100	90	-62.96296296296296
63c48023d6116ee42fa17bf8	5	6	3	105	12	91.67	90	-94.44444444444444
63c487fa9db90581d57dc017	5	6	108	3	9	87.5	92.5	94.5945945945946
63c53ebbbe4c337aef4f6119	6	6	35	66	19	95.83	84.17	-30.693069306930692
63ced19b7422296653437e30	6	6	46	47	27	87.5	77.5	-1.0752688172043012
63ced2194f403847de36bab5	6	6	84	20	16	100	86.67	61.53846153846154
63ced5ba289fa7af427c3740	6	6	40	55	25	79.17	79.17	-15.789473684210526
63cee33497b8fc261dde69ba	6	6	32	55	33	100	72.5	-26.436781609195403
63cf4f4722d1c48cef8b0b10	0	6	56	57	7	95.83	94.17	-0.8849557522123894
63cff31d0fabe7166966c8b7	6	6	54	33	33	79.17	72.5	24.137931034482758
63cff34d33a9948e3b0b28d6	6	6	54	42	24	87.5	80	12.5
63d005e38ccccb84f2c1d04c	6	6	70	20	30	75	75	55.55555555555556
63d00e3cea3280c3ed8a340c	6	6	42	46	32	100	73.33	-4.545454545454546
63d042c98e64ec1173d30ab7	0	5	44	36	40	62.5	66.67	10
63d07155a81baf5108925992	6	6	69	24	27	100	77.5	48.38709677419355
63d086f89f695e2d3c210e9f	6	6	65	48	7	100	94.17	15.04424778761062
63d1156045971dc6b0006c73	6	6	78	25	17	95.83	85.83	51.45631067961165
63d13b643c7b2dd31426e8af	5	6	62	51	7	100	94.17	9.734513274336283
63d13b764f00a53476867c25	6	6	39	69	12	95.83	90	-27.77777777777778
63d13b9d237fce03faaae024	6	6	40	51	29	100	75.83	-12.087912087912088
63d13ca7d896eababf86d150	6	6	38	59	23	83.33	80.83	-21.649484536082475
63d13cb81a0a88a3ce29e33f	6	6	56	49	15	100	87.5	6.666666666666667
63d13d1465e0743b7b2b7962	6	6	45	61	14	100	88.33	-15.09433962264151
63d13f138cb8f46cf6ff65e9	6	6	59	36	25	100	79.17	24.210526315789473
63d13f2f59ef764f641406dd	3	6	37	31	52	58.33	56.67	8.823529411764707
63d1412396ee4fa133b52643	5	6	89	20	11	95.83	90.83	63.30275229357798
63d14eca0fd7e8476aff6652	6	0	24	74	22	91.67	81.67	-51.02040816326531
63d18647419ae52f5e141607	6	6	93	12	15	95.83	87.5	77.14285714285715
63d1c1095b55c7061678a96e	3	6	52	55	13	91.67	89.17	-2.803738317757009
63d2a4b549eb02187fd40092	6	6	61	35	24	91.67	80	27.083333333333332
63d2cb67dfc2a799bbd30c69	6	6	63	51	6	100	95	10.526315789473683
63d2eec88a81e2462be70762	1	6	39	62	19	87.5	84.17	-22.772277227722775
63d2f3294efc674f84b302d2	6	6	73	33	14	100	88.33	37.735849056603776
63d3a3629d0b9452d3f32c7e	5	6	38	52	30	87.5	75	-15.555555555555555
63d3f99eac52371a49e65825	6	6	60	27	33	83.33	72.5	37.93103448275862
63d3fb15a2f8df9e46752d80	6	6	48	36	36	100	70	14.285714285714285
63d3fbdc74f911908d4c50b3	6	6	61	49	10	95.83	91.67	10.909090909090908
63d3fc20bb484480bed0228c	0	6	45	51	24	95.83	80	-6.25
63d3fd4267f25518af752d7e	6	6	52	56	12	100	90	-3.7037037037037033
63d3fec908b40217bbd48993	5	6	50	57	13	100	89.17	-6.5420560747663545
63d404f4eaf69448ef9e09e6	5	6	61	45	14	100	88.33	15.09433962264151
63d4061bc9ec9cf926d6c9f7	6	6	57	40	23	87.5	80.83	17.525773195876287
63d40b7d3c7f92ff15ef6b67	6	6	15	99	6	100	95	-73.68421052631578
63d40f21ea1c311723c7c847	6	6	71	33	16	95.83	86.67	36.53846153846153
63d410114a361b7bee9c12b9	2	6	51	56	13	95.83	89.17	-4.672897196261682
63d413840c9c512ac3dfc533	6	6	40	45	35	83.33	70.83	-5.88235294117647
63d41536bd37096fda85cfb8	6	6	71	38	11	100	90.83	30.275229357798167
63d41641e3864dede6329c16	6	6	50	41	29	79.17	75.83	9.89010989010989
63d416bc58ca5094af85cf8a	1	6	34	53	33	83.33	72.5	-21.839080459770116
63d4251f684e52575206f44b	5	6	47	51	22	91.67	81.67	-4.081632653061225
63d44472a72a227e0fef6bdc	6	6	53	46	21	100	82.5	7.07070707070707
63d447dff5d5b197f0d02275	6	6	55	41	24	100	80	14.583333333333334
63d461ae668907ea6006f43f	0	3	41	49	30	91.67	75	-8.88888888888889
63d4dbdd4adb3ccef611be9c	6	6	68	30	22	95.83	81.67	38.775510204081634
63d5e3bf4a739d1158b9ce64	0	6	59	47	14	100	88.33	11.320754716981133
63d672fd60ac772cd04cc33b	6	1	21	64	35	75	70.83	-50.588235294117645
63d68acca98cdd2bf385cfad	6	6	43	57	20	100	83.33	-14.000000000000002
63d6d8e21745f34be8ce7c35	6	1	33	37	50	54.17	58.33	-5.714285714285714
63d6dfc970a407ead0b0d3a1	1	6	40	39	41	75	65.83	1.2658227848101267
63d6fd6a2ab6a0946433add6	6	6	55	40	25	75	79.17	15.789473684210526
63d6ffe31d0f4bc7fad6c995	5	6	97	9	14	87.5	88.33	83.01886792452831
63d767905eeabd2239a652db	1	6	68	38	14	91.67	88.33	28.30188679245283
63d77a647dbf6c0c53b0d375	6	6	57	45	18	100	85	11.76470588235294
63d79c120d736e870e993b8c	6	6	65	41	14	100	88.33	22.641509433962266
63d79d065189719c8393e3eb	6	6	71	37	12	100	90	31.48148148148148
63d79d7e23a410a0bcdb390a	6	6	31	56	33	83.33	72.5	-28.735632183908045
63d79efd58203fb36a6e7f21	6	6	73	30	17	100	85.83	41.74757281553398
63d7a22621e496f7486bc851	5	6	65	45	10	91.67	91.67	18.181818181818183
63d7a79e2606216262545e75	5	6	24	72	24	100	80	-50
63d7aaec3ca7349b1aa83301	6	3	40	39	41	91.67	65.83	1.2658227848101267
63d7ab86c847cafcb6b8803c	5	6	39	31	50	62.5	58.33	11.428571428571429
63d7b127485d5655e70c8282	6	6	46	41	33	95.83	72.5	5.747126436781609
63d7bb92ab9685eb344e78f4	6	6	35	65	20	83.33	83.33	-30
63d7c1c77724f08194bcf7d9	6	6	49	47	24	79.17	80	2.083333333333333
63d7e609051bf50f9d1dcd35	6	6	76	31	13	100	89.17	42.05607476635514
63d7eca29f0291aff53b003e	6	6	61	48	11	100	90.83	11.926605504587156
63d7ee554df9f854d75ea6a7	6	0	46	48	26	87.5	78.33	-2.127659574468085
63d7f17bc657e6dc9e481a9a	0	6	61	52	7	100	94.17	7.964601769911504
63d7f3f4e50de685d3d5b4fb	5	6	48	50	22	83.33	81.67	-2.0408163265306123
63d7f42900f82081456a376a	6	6	79	27	14	100	88.33	49.056603773584904
63d7f67f398e16e63a1fb6cf	5	6	61	22	37	79.17	69.17	46.98795180722892
63d82b0ef18b425db684c7e5	6	6	67	41	12	100	90	24.074074074074073
63d864bfc3bc732e26295c9c	4	6	23	68	29	100	75.83	-49.45054945054945
63d8665164999168637f2029	6	6	91	23	6	95.83	95	59.64912280701754
63d881ab484805569b553bd8	5	5	38	67	15	100	87.5	-27.61904761904762
63d8d641a5a265b01a28716c	5	6	60	40	20	100	83.33	20
63d92dacc885e6167a4a486c	6	6	65	31	24	91.67	80	35.41666666666667
63d95313b31ba96b668888e2	6	6	63	32	25	95.83	79.17	32.631578947368425
63dab0380b8791f9560fd329	5	6	12	98	10	100	91.67	-78.18181818181819
63db1ccde6434330f2a99d87	6	6	85	17	18	100	85	66.66666666666666
63dbe76cbc72cdb0f3e93414	6	6	96	10	14	100	88.33	81.13207547169812
63dc9888ca8a3238e40fada8	6	6	90	14	16	95.83	86.67	73.07692307692307
63dcc00d97b599698e60a1a6	2	6	42	40	38	70.83	68.33	2.4390243902439024
63dd37970407f565167e5361	0	6	21	19	80	16.67	33.33	5
63de2e4a0c6fd41343f82a79	6	6	70	41	9	95.83	92.5	26.126126126126124
63e316f79fdeba5ba50385e1	6	6	87	13	20	91.67	83.33	74
63e3d578865b052c54e5bb22	0	6	73	40	7	100	94.17	29.20353982300885
63e51bc04bab3dc97deba8de	6	6	78	16	26	87.5	78.33	65.95744680851064
63e51bd9b573cd46809e1d56	4	6	46	41	33	87.5	72.5	5.747126436781609
63e51be13df7cac2d9348a05	6	0	43	64	13	95.83	89.17	-19.626168224299064
63e51be199687d0e5eec6f0b	6	6	52	44	24	100	80	8.333333333333332
63e51c373af1cc5baf0c727f	4	6	43	44	33	79.17	72.5	-1.1494252873563218
63e51ccf6611acbfdc8c13c9	6	6	50	34	36	54.17	70	19.047619047619047
63e520b01779bbc9c4f6d1eb	5	6	90	11	19	100	84.17	78.21782178217822
63e52666f4a31e05b9fc6680	1	2	56	59	5	100	95.83	-2.608695652173913
63e52dbdcdee07bcdb0e7da4	6	6	44	58	18	100	85	-13.725490196078432
63e52f8ab3688f45f842114c	6	6	46	34	40	87.5	66.67	15
63e530e893c44a3aefe9b29c	6	5	53	50	17	79.17	85.83	2.912621359223301
63e538754c4b30560ca84884	0	4	48	52	20	91.67	83.33	-4
63e5525d306024ee8865e880	4	6	67	40	13	100	89.17	25.233644859813083
63e55f03b3c1f7481cec6eb9	4	6	52	54	14	95.83	88.33	-1.8867924528301887
63e55f08844f6fb08115851f	6	6	51	36	33	95.83	72.5	17.24137931034483
63e56678a87f209e2ca83059	0	6	21	83	16	95.83	86.67	-59.61538461538461
63e5747f1eb29ec68ae2ddd6	0	4	24	28	68	25	43.33	-7.6923076923076925
63e5a6690eeedc20da056717	5	6	50	50	20	100	83.33	0
63e5ffdf639ebdcf35aacb09	6	6	43	69	8	95.83	93.33	-23.214285714285715
63e6378e04ade071ebf9ff9c	5	6	27	35	58	70.83	51.67	-12.903225806451612
63e6cf0764dc4e52bee573af	0	6	63	27	30	83.33	75	40
63e6dfd8bb1c10a44d13d7e5	6	6	51	41	28	91.67	76.67	10.869565217391305
63ea44a0adefd2af8e13015c	1	6	19	25	76	45.83	36.67	-13.636363636363635
63ea451d26e9af5be0b01d50	6	6	53	48	19	95.83	84.17	4.9504950495049505
63ea4730d677f800a8887ad6	6	6	53	40	27	95.83	77.5	13.978494623655912
63ea4a4ed214b26e3ff8b7f2	0	3	52	58	10	91.67	91.67	-5.454545454545454
63ea4ab1ce4168cbe9f63775	0	5	74	21	25	100	79.17	55.78947368421052
63ea52b8342eff8b95ef0f95	5	6	39	35	46	95.83	61.67	5.405405405405405
63ea6b49edfcb9164c21a4bd	6	6	69	40	11	100	90.83	26.605504587155966
63ea79021f0c43def6174042	6	6	75	25	20	100	83.33	50
63ea94c7220a944dcd17400b	6	6	46	41	33	83.33	72.5	5.747126436781609
63eaace3d44d695631f32db0	6	6	46	25	49	75	59.17	29.577464788732392
63eac31811a6da58d4f32d76	6	6	28	67	25	79.17	79.17	-41.05263157894737
63ead665638c8546d8c3a962	5	6	52	58	10	100	91.67	-5.454545454545454
63ead6f452e11793b2f8dab8	6	6	90	4	26	83.33	78.33	91.48936170212765
63ebd1e66feb52fb3009c707	3	0	35	47	38	91.67	68.33	-14.634146341463413
63ed0a8a65ddbf9edae99a16	6	6	60	37	23	100	80.83	23.711340206185564
63ed15bed4665c62d9e6dbb2	1	6	39	51	30	70.83	75	-13.333333333333334
63edb6401c8f280841255a82	5	6	63	37	20	83.33	83.33	26
63f049c2d78b2bc822a16dac	6	6	57	44	19	100	84.17	12.871287128712872
63f3731fccf0d4e95aa80d11	3	2	32	42	46	75	61.67	-13.513513513513514
63f519601c333d44a17bb35a	6	6	59	39	22	91.67	81.67	20.408163265306122
63f5c99a1cecb4136b93f7db	5	5	23	18	79	12.5	34.17	12.195121951219512
63f77915c48d021a3bf77b0f	0	4	14	24	82	16.67	31.67	-26.31578947368421
63f77b9ca8439f6e1620c1cd	0	6	50	27	43	95.83	64.17	29.87012987012987
63f77ee4aa0961332b87fd0f	6	6	44	62	14	95.83	88.33	-16.9811320754717
63f7811862c6df4e5438367d	3	6	53	29	38	83.33	68.33	29.268292682926827
63f787256fc87f0a297a849c	6	6	60	42	18	100	85	17.647058823529413
63f789b502d033e83fca7885	5	6	54	35	31	95.83	74.17	21.34831460674157
63f78d9a7a3d118594efff74	6	6	58	38	24	95.83	80	20.833333333333336
63f78f511969d7e1b13907e4	6	6	53	46	21	100	82.5	7.07070707070707
63f796a016e377d12cff50f1	6	6	79	19	22	100	81.67	61.224489795918366
63f7bdf930a31a500169fea1	0	6	56	43	21	87.5	82.5	13.131313131313133
63f7c538e9def44bfbdc7db3	4	6	54	30	36	83.33	70	28.57142857142857
63f7e1bb3866d96e37ecfd1c	5	6	80	24	16	95.83	86.67	53.84615384615385
63f7e5adcf31a0af5e7da12f	4	6	48	62	10	100	91.67	-12.727272727272727
63f81021ab46acf095efff80	0	6	108	4	8	95.83	93.33	92.85714285714286
63f8705ae362b217290d08c2	5	6	45	46	29	95.83	75.83	-1.098901098901099
63f8a056531af02b77961676	2	3	11	33	76	16.67	36.67	-50
63f93d2de413ad49cf0dbff1	6	6	76	23	21	95.83	82.5	53.535353535353536
63fac97f0d4e8f6bfd753d90	5	6	25	82	13	95.83	89.17	-53.271028037383175
63fe16762b4c19bea77a0904	1	6	44	29	47	62.5	60.83	20.54794520547945
63ffcb367b500c516d0648a2	1	6	50	56	14	100	88.33	-5.660377358490567
6400dc45648545e7ca8f35a6	5	6	35	67	18	95.83	85	-31.372549019607842
6400dc9a87b5f4d0c3604bf3	6	6	53	40	27	83.33	77.5	13.978494623655912
6400de8f305c51d03c2a9a0e	6	6	85	25	10	100	91.67	54.54545454545454
6400e308335a3bf214ca885e	2	4	46	37	37	83.33	69.17	10.843373493975903
6400e51c13a550f2c6729a0f	5	6	74	30	16	95.83	86.67	42.30769230769231
6400e8b1a2889ce16019eb23	6	6	69	31	20	87.5	83.33	38
6400ed5065c350e3ad8c8233	6	6	82	29	9	91.67	92.5	47.74774774774775
6400f212a7bd9c7c5ab1cc25	6	6	72	36	12	95.83	90	33.33333333333333
64010f32f8dee9772983c7cd	5	6	45	63	12	100	90	-16.666666666666664
640116c8ac12a41ff02a9a2d	6	6	57	31	32	100	73.33	29.545454545454547
6401227cb3aa0d131ec5dd53	0	6	33	74	13	95.83	89.17	-38.31775700934579
6401236cbc95a51538bcc604	6	6	21	90	9	100	92.5	-62.16216216216216
64012a2623351894f2917605	5	6	75	29	16	100	86.67	44.230769230769226
64012a3019588a0c50947538	4	6	44	55	21	95.83	82.5	-11.11111111111111
64016b31c3a34648748168d1	4	6	53	61	6	100	95	-7.017543859649122
640175d4fd2062d9fa478050	6	6	68	34	18	91.67	85	33.33333333333333
64017b47c83e917541f7c592	3	6	63	44	13	95.83	89.17	17.75700934579439
64018f4d1a16dfe2b0f7c552	6	6	67	32	21	100	82.5	35.35353535353536
6401dc189a0c39635de7ebab	6	6	65	44	11	100	90.83	19.26605504587156
640211d8277cfdf56b1bfabb	6	6	48	45	27	95.83	77.5	3.225806451612903
64045393fa09ada78f0b5301	2	1	40	39	41	83.33	65.83	1.2658227848101267
64046e75dff33633131b49b9	6	6	41	28	51	66.67	57.5	18.84057971014493
64050ea342e8e84d43fa7bdf	4	6	69	29	22	79.17	81.67	40.816326530612244
6406300d0af7758269c8dc0b	5	6	57	42	21	95.83	82.5	15.151515151515152
640785ce903930be7597e7c1	6	6	54	38	28	100	76.67	17.391304347826086
6407946a4bb4212372843398	5	6	59	55	6	100	95	3.508771929824561
640b816df86dcee615619d0d	0	5	62	32	26	91.67	78.33	31.914893617021278
641359eb0e2dc93999637e35	3	0	93	11	16	87.5	86.67	78.84615384615384
641360c2d049750e77c9a34a	1	6	40	71	9	95.83	92.5	-27.927927927927925
641361334c91a0c6ff4c5b79	6	3	114	1	5	95.83	95.83	98.26086956521739
6413627f4adf0cc7eb330dfc	6	6	53	35	32	87.5	73.33	20.454545454545457
641363233e3398da82fcb757	6	6	34	68	18	91.67	85	-33.33333333333333
641364d0e4356f62a8c4532d	0	6	88	16	16	100	86.67	69.23076923076923
64136fca174b34ba3a481cfd	3	2	42	41	37	83.33	69.17	1.2048192771084338
6413788e21e4ee4f2dc16daa	6	6	48	38	34	91.67	71.67	11.627906976744185
64138e0c6645b537dcb5ee24	5	6	58	49	13	100	89.17	8.411214953271028
64139e0346c4b91651b69d44	0	5	61	38	21	95.83	82.5	23.232323232323232
6414832dbec81b70c2ac38c9	6	6	63	27	30	70.83	75	40
64151f08bb5879eb3a22d82b	6	6	73	27	20	100	83.33	46
6415b71b73e494b88ef767e0	4	5	46	53	21	87.5	82.5	-7.07070707070707
641724c665e2974bb1dec659	6	6	51	51	18	100	85	0
64175c4b35e2efa75054afa2	1	3	41	36	43	66.67	64.17	6.493506493506493
641772ff6ca990e4c241b1bd	6	6	46	65	9	100	92.5	-17.117117117117118
6417a176fa3ce88d576997b5	5	6	66	41	13	100	89.17	23.364485981308412
6418be1071b8716c81dd6d03	0	6	49	55	16	100	86.67	-5.769230769230769
641a604be613385009dd72db	6	6	105	8	7	100	94.17	85.84070796460178
641aa32c2d955e806c03cbbc	6	6	72	31	17	87.5	85.83	39.80582524271845
641b1fcd7275677c08982bae	0	6	34	50	36	87.5	70	-19.047619047619047
641c6443a8bca78cf7a512d1	6	0	31	47	42	66.67	65	-20.51282051282051
64275db44c9f63e924c59f3c	5	6	48	57	15	100	87.5	-8.571428571428571
642761fc480b4b9318301c73	2	4	52	55	13	87.5	89.17	-2.803738317757009
64294cae8d5cae1b2ed48562	3	2	37	44	39	79.17	67.5	-8.641975308641975
6429597d55809d51e610524e	0	3	48	44	28	91.67	76.67	4.3478260869565215
642afaa03f927312a91a4c87	5	6	58	46	16	100	86.67	11.538461538461538
642b42fc8858b97ac2975432	6	6	51	42	27	83.33	77.5	9.67741935483871
642b4867b32407dbdd61737e	6	6	41	57	22	91.67	81.67	-16.3265306122449
642f43cfa37a1e968da2c9b3	4	6	28	55	37	83.33	69.17	-32.53012048192771
64309be1d7d085ed8ee4c129	6	6	72	29	19	87.5	84.17	42.57425742574257
64384af1f6fc298b3fe49027	1	6	37	43	40	79.17	66.67	-7.5
6439d7987b1126efcebc25ac	0	4	45	52	23	95.83	80.83	-7.216494845360824
64401360c45f52531fde4aa6	3	6	48	39	33	70.83	72.5	10.344827586206897
644015377c511324cabe9616	6	6	35	78	7	95.83	94.17	-38.05309734513274
64404b98fae5f4fcdefe71af	1	6	46	51	23	83.33	80.83	-5.154639175257731
64412826681d195f47939c7f	6	6	49	49	22	91.67	81.67	0
6441584c2bff52766e55f7b3	6	6	57	41	22	91.67	81.67	16.3265306122449
644164d75b4cbe61ff891e64	6	6	65	35	20	91.67	83.33	30
6441890f4ea5d3738776aff4	6	6	55	42	23	100	80.83	13.402061855670103
64429af825cbfee55f7f2653	6	6	56	41	23	100	80.83	15.463917525773196
6446db24e52b65559874f4f6	6	6	60	48	12	95.83	90	11.11111111111111
6447ad029d917ea4a1a090a4	6	6	24	69	27	83.33	77.5	-48.38709677419355
6447e560a1331745c679a03b	6	6	56	40	24	91.67	80	16.666666666666664
644808e09076580e3e3ce991	0	6	45	38	37	58.33	69.17	8.433734939759036
644a8c25f747d73d9828bee3	4	6	1	117	2	100	98.33	-98.30508474576271
644bd5f65278efdaecb4f62f	6	6	85	24	11	100	90.83	55.96330275229357
644bfef77d2220b964ca0c30	6	6	41	43	36	75	70	-2.380952380952381
64551d250ef342507eb0edf9	2	6	25	29	66	37.5	45	-7.4074074074074066
6458939bc77c645ea7979b33	2	6	32	74	14	100	88.33	-39.62264150943396
6469af575bcebf3f7e552039	6	6	66	32	22	83.33	81.67	34.69387755102041
6469b26b2cf3b4b300c0cddc	6	6	69	33	18	95.83	85	35.294117647058826
646e2298279640dfb43a4cb1	5	6	62	30	28	83.33	76.67	34.78260869565217
64725d797d0dd0abf7f47e45	6	6	53	46	21	95.83	82.5	7.07070707070707
647652cb5644044df439e1fb	6	6	50	45	25	95.83	79.17	5.263157894736842
6478bc3b38c55f11fcabb089	0	3	43	48	29	95.83	75.83	-5.4945054945054945
6478dddd683cc5f4a550775f	5	6	49	46	25	100	79.17	3.1578947368421053
647967d19dbd1fc15df8a948	6	6	67	37	16	95.83	86.67	28.846153846153843
6481ec9f0a58d32023a4fd94	6	6	51	48	21	91.67	82.5	3.0303030303030303
6491d720871d9f5e16eafb93	2	4	53	58	9	100	92.5	-4.504504504504505
64950eb7e2cb12bc4dc6d9d2	0	6	110	5	5	100	95.83	91.30434782608695
6496f9fbc2928ee6956ef623	6	6	78	15	27	70.83	77.5	67.74193548387096
64b06482093329a4f0078e60	1	6	16	70	34	79.17	71.67	-62.7906976744186
